model,dataset,window,horizon,ablation,seed,use_adj,timestamp,mae,std_MAE,rmse,rmse_states,pcc,pcc_states,MAPE,R2,R2_states,Var,Vars,Peak,sim_mat
MSAGAT-Net.loggrowth.quant,nhs_timeseries,20,3,mean_agam,30,True,20260825_110849,1.5909563117948229,0.6271092049369215,2.19228674978206,2.036124010108533,0.9958571257804624,0.9833515306227766,,0.9912928236322176,0.9619624936182236,0.9914047404242254,0.9626257407958366,0.0,default
MSAGAT-Net.loggrowth.quant,nhs_timeseries,20,3,mean_agam,42,True,20260825_110715,1.5939912526301163,0.5067733604406182,2.1294946822455807,2.0147588519504867,0.9963184194498356,0.9833473335500276,,0.9917844670236828,0.962305961045348,0.9923637573615568,0.9653209052914876,0.0,default
MSAGAT-Net.loggrowth.quant,nhs_timeseries,20,3,mean_agam,45,True,20260825_110957,1.623983302928882,0.596123580463272,2.2358147326481976,2.0754423940983338,0.995750813361365,0.982302148724484,,0.9909436280579688,0.9604491737289708,0.9911836632522112,0.9617756026043016,0.0,default
MSAGAT-Net.loggrowth.quant,nhs_timeseries,20,3,mean_agam,123,True,20260825_111050,2.614004432774504,1.148188772103724,3.703066753271064,3.375468061079855,0.9915952446803736,0.9684583631130552,,0.975156904705438,0.8967620436892212,0.9792508302810526,0.9173644692983944,0.0,default
MSAGAT-Net.loggrowth.quant,nhs_timeseries,20,3,mean_agam,1000,True,20260825_111222,1.6842152404956408,0.7611981910657621,2.353939873168162,2.130902572635025,0.9954689862851372,0.9820126782744758,,0.9899613952685574,0.9586306068939896,0.9905313027653488,0.9616887945737422,0.0,default
EpiSIG-Net-V3,nhs_timeseries,20,3,no_agam,1,True,20260204_221236,3.0197787284851074,0.9139358997344972,3.823014939766165,3.673442840576172,0.9967562556266784,0.9926037788391112,1.1708078062611094e-08,0.9910050630569458,0.9801987409591676,0.9930904507637024,0.9849351048469543,2.543322801589966,default
MSAGAT-Net,nhs_timeseries,20,3,no_agam,5,True,20260410_160247,2.21855902671814,0.7455825209617615,2.936721049168593,2.7885658740997314,0.992457926273346,0.9665125608444214,,0.9843754172325134,0.927335560321808,0.9847715497016908,0.929780125617981,0.0,default
MSAGAT-Net.loggrowth.quant,nhs_timeseries,20,3,no_agam,30,True,20260825_103605,1.6596864558464988,0.5555665700994156,2.246844771693284,2.1172910427777354,0.9954728471903306,0.9807123082810032,,0.9908540512824804,0.958381929963626,0.9909011907344936,0.9588882439611612,0.0,default
MSAGAT-Net,nhs_timeseries,20,3,no_agam,42,True,20260410_202653,2.185041666030884,0.96680748462677,2.981713351343908,2.758330821990967,0.9929555654525756,0.971765398979187,,0.9838930368423462,0.9301061630249025,0.9856382608413696,0.9401959180831908,0.0,default
MSAGAT-Net.loggrowth.quant,nhs_timeseries,20,3,no_agam,42,True,20260819_015913,2.5702600169448213,0.9816465376920612,3.548331770142584,3.323690127890378,0.9913150781944104,0.9637298358201756,,0.9771896965473548,0.8984611985599164,0.979813473132151,0.9119493261268738,0.0,default
MSAGAT-Net.loggrowth.quant,nhs_timeseries,20,3,no_agam,45,True,20260825_103820,1.6372708435640846,0.5430525193976194,2.229335064513655,2.1027260595944406,0.995547122530053,0.9813749505487712,,0.9909960449685162,0.9590046000687132,0.9909975079693942,0.9591275954017844,0.0,default
MSAGAT-Net.loggrowth.quant,nhs_timeseries,20,3,no_agam,123,True,20260825_103915,1.5520414088786552,0.4873100163840958,2.085407240631196,1.975744016135065,0.9961679914632392,0.9835635583395936,,0.992121121965834,0.9636249674742527,0.992237095577492,0.964438481822252,0.0,default
MSAGAT-Net.loggrowth.quant,nhs_timeseries,20,3,no_agam,1000,True,20260825_104021,1.6004680857026663,0.5260705972244242,2.166385878143763,2.038327467519192,0.9960462209828496,0.982869589789144,,0.9914973509175988,0.9615467996867776,0.9918021608386342,0.9631919741340262,0.0,default
EpiSIG-Net-V3,nhs_timeseries,20,3,no_mtfm,1,True,20260204_221951,3.0197787284851074,0.9139358997344972,3.823014939766165,3.673442840576172,0.9967562556266784,0.9926037788391112,1.1708078062611094e-08,0.9910050630569458,0.9801987409591676,0.9930904507637024,0.9849351048469543,2.543322801589966,default
MSAGAT-Net,nhs_timeseries,20,3,no_mtfm,5,True,20260410_160411,3.0463972091674805,1.058355689048767,3.910939445906615,3.720982313156128,0.9863533973693848,0.9369066953659058,,0.9722894430160522,0.8700798749923706,0.9728360176086426,0.8755964040756226,0.0,default
MSAGAT-Net.loggrowth.quant,nhs_timeseries,20,3,no_mtfm,30,True,20260825_104849,1.6494715598613283,0.6836745516024973,2.28669266884263,2.098685655465483,0.9952523621849289,0.9806457312673116,,0.990526766933159,0.9597447175592276,0.9905268514657528,0.9601780635472376,0.0,default
MSAGAT-Net,nhs_timeseries,20,3,no_mtfm,42,True,20260410_202841,6.247481822967529,2.719290971755981,7.709783001924735,7.104879856109619,0.977777361869812,0.951426088809967,,0.8923120498657227,0.488147109746933,0.953853726387024,0.8577135801315308,0.0,default
MSAGAT-Net.loggrowth.quant,nhs_timeseries,20,3,no_mtfm,42,True,20260825_104736,1.616844269578588,0.5739468866995141,2.1846556646514173,2.05023690540283,0.9957108703468992,0.981755705105442,,0.991353335388041,0.9611441410440548,0.9914172535607564,0.9618528671985708,0.0,default
MSAGAT-Net.loggrowth.quant,nhs_timeseries,20,3,no_mtfm,45,True,20260825_104948,1.514315131608715,0.5380071812556994,2.097836239337568,1.9612776243053391,0.996220801176626,0.9840010484430296,,0.9920269260855512,0.9645120722254936,0.9921503808256432,0.9651842365985672,0.0,default
MSAGAT-Net.loggrowth.quant,nhs_timeseries,20,3,no_mtfm,123,True,20260825_105100,1.568733699066774,0.6219078196406564,2.150653720310704,1.9990469723506088,0.9958294295202728,0.9827290501825248,,0.9916203939286722,0.963298936972664,0.9916207774903012,0.963447029216907,0.0,default
MSAGAT-Net.loggrowth.quant,nhs_timeseries,20,3,no_mtfm,1000,True,20260825_105151,1.648741933173022,0.6083993506471794,2.292706844219284,2.127854288673143,0.9955370690005256,0.9821271771704042,,0.9904768707591916,0.9583665911667362,0.9907172641157496,0.9597817742113856,0.0,default
EpiSIG-Net-V3,nhs_timeseries,20,3,no_pprm,1,True,20260204_222630,3.0197787284851074,0.9139358997344972,3.823014939766165,3.673442840576172,0.9967562556266784,0.9926037788391112,1.1708078062611094e-08,0.9910050630569458,0.9801987409591676,0.9930904507637024,0.9849351048469543,2.543322801589966,default
MSAGAT-Net,nhs_timeseries,20,3,no_pprm,5,True,20260410_160519,4.239785194396973,1.4674783945083618,5.374850958598614,5.101466655731201,0.984063446521759,0.9291728138923644,,0.9476621747016908,0.7524499893188477,0.96659916639328,0.8573814034461975,0.0,default
MSAGAT-Net.loggrowth.quant,nhs_timeseries,20,3,no_pprm,30,True,20260825_105425,1.6343992234513176,0.6071623118598023,2.2685814662398407,2.098633113250503,0.995958497372955,0.98385047902751,,0.990676233627668,0.9596100678503328,0.991460873428202,0.9638645748697984,0.0,default
MSAGAT-Net,nhs_timeseries,20,3,no_pprm,42,True,20260410_203038,2.9160640239715576,1.010029435157776,3.7894073014830703,3.605553388595581,0.9869388341903688,0.9382952451705932,,0.9739848971366882,0.8779290318489075,0.9739973545074464,0.8794776201248169,0.0,default
MSAGAT-Net.loggrowth.quant,nhs_timeseries,20,3,no_pprm,42,True,20260825_105253,3.1590953598665603,1.6728368631453665,4.625075737041451,4.096869088173885,0.9898339020592288,0.9670055902932448,,0.9612456621425192,0.8492182239218294,0.969640034902556,0.8910772756290645,0.0,default
MSAGAT-Net.loggrowth.quant,nhs_timeseries,20,3,no_pprm,45,True,20260825_105511,1.548805873154262,0.526842305816881,2.1260882918154813,1.9946195018368225,0.9962251902149168,0.9845014556597518,,0.9918107295263836,0.9631914521103092,0.9921513072844442,0.9651018885816096,0.0,default
MSAGAT-Net.loggrowth.quant,nhs_timeseries,20,3,no_pprm,123,True,20260825_105627,1.6238086735926336,0.5705281568762293,2.2284335976936736,2.0823232396999884,0.9958124850654396,0.9825484517312122,,0.9910033252789257,0.9597642096427464,0.9914043366108122,0.9621801150941888,0.0,default
MSAGAT-Net.loggrowth.quant,nhs_timeseries,20,3,no_pprm,1000,True,20260825_105728,1.621079694577816,0.5988403121484622,2.2347285953096745,2.075670199190399,0.9960113074521104,0.9839179417382488,,0.9909524249178732,0.9604621516981772,0.9914990018130324,0.9632885754609768,0.0,default
EpiSIG-Net-V3,nhs_timeseries,20,3,none,1,True,20260204_215954,3.0197787284851074,0.9139358997344972,3.823014939766165,3.673442840576172,0.9967562556266784,0.9926037788391112,1.1708078062611094e-08,0.9910050630569458,0.9801987409591676,0.9930904507637024,0.9849351048469543,2.543322801589966,default
EpiSIG-Net-V3,nhs_timeseries,20,3,none,2,True,20260204_130600,6.510776042938232,3.155167818069458,7.974491459528058,7.273567676544189,0.9940218329429626,0.9901881814002992,2.4361909822800963e-08,0.9608625173568726,0.9299100041389464,0.9849010109901428,0.9802845120429992,3.0336923599243164,default
EpiSIG-Net-V3,nhs_timeseries,20,3,none,3,True,20260204_130802,2.7983410358428955,0.9200493097305298,3.828881885674433,3.65352201461792,0.996715247631073,0.99280446767807,9.296462266661363e-09,0.99097740650177,0.9803115725517272,0.991733193397522,0.9820476770401,2.6913533210754395,default
EpiSIG-Net-V3,nhs_timeseries,20,3,none,4,True,20260204_131006,2.754011869430542,0.972832202911377,3.84049999260204,3.6157009601593018,0.9965385794639589,0.9925791025161744,9.070626916241054e-09,0.9909225702285768,0.9810146689414978,0.991335391998291,0.9819297790527344,2.745253086090088,default
MSAGAT-Net,nhs_timeseries,20,3,none,5,True,20260410_160043,3.9314239025115967,1.4184657335281372,4.893299480567131,4.621365547180176,0.9857137203216552,0.9502983689308168,,0.9566203355789183,0.7884253263473511,0.97159606218338,0.8865591883659363,0.0,default
EpiSIG-Net-V3,nhs_timeseries,20,3,none,6,True,20260204_131621,2.5507848262786865,0.7603997588157654,3.3725602550510785,3.2452545166015625,0.9966411590576172,0.9928721785545348,9.419670377042166e-09,0.9929998517036438,0.9842377305030824,0.99308580160141,0.9847274422645568,2.353988647460937,default
EpiSIG-Net-V3,nhs_timeseries,20,3,none,7,True,20260204_131850,5.376235961914063,2.803135633468628,6.714361984608185,6.040708065032959,0.9950410723686218,0.9931870698928832,2.010819422082477e-08,0.9722542762756348,0.952472984790802,0.988635003566742,0.9861547350883484,2.2254462242126465,default
EpiSIG-Net-V3,nhs_timeseries,20,3,none,8,True,20260204_132105,3.9238436222076416,1.4536453485488892,5.03852876897232,4.7463483810424805,0.9962500333786012,0.9919213056564332,1.4768306577650492e-08,0.9843758940696716,0.9687662124633788,0.9909636378288268,0.9830096960067748,2.538691759109497,default
EpiSIG-Net-V3,nhs_timeseries,20,3,none,9,True,20260204_132230,2.772970676422119,0.7575504779815674,3.615262864555493,3.5039966106414795,0.9963237047195436,0.9918864965438844,9.955387625382173e-09,0.991956114768982,0.9813204407691956,0.9924150109291076,0.98269522190094,2.8043406009674072,default
EpiSIG-Net-V3,nhs_timeseries,20,3,none,10,True,20260204_132531,2.576209783554077,0.696997344493866,3.387152656117632,3.276875257492065,0.9966896176338196,0.9923495054244996,9.347854046382054e-09,0.9929391741752625,0.9835904240608216,0.993171453475952,0.984218955039978,2.2166640758514404,default
MSTAGAT-Net,nhs_timeseries,20,3,none,30,True,20260127_031827,8.444059371948242,4.049469470977783,10.36463171150508,9.438681602478027,0.9870453476905824,0.9889917373657228,3.7469607860884935e-08,0.9338858127593994,0.8819044828414917,0.9740507006645204,0.9685797691345216,4.209630489349365,default
MSAGAT-Net.pprm-multistep,nhs_timeseries,20,3,none,30,True,20260811_024956,3.56085467338562,1.384392023086548,4.473108686860056,4.182522296905518,0.9898477792739868,0.9617146849632264,,0.9637505412101746,0.8306059241294861,0.9790391325950624,0.9199593663215636,0.0,default
MSAGAT-Net.sgate,nhs_timeseries,20,3,none,30,True,20260811_031455,3.781795978546143,1.5862363576889038,4.743576726148778,4.392000675201416,0.9898570775985718,0.9641400575637816,,0.959234356880188,0.8132972717285156,0.9784483313560486,0.9246441125869752,0.0,default
MSAGAT-Net.pprm-multistep.sgate,nhs_timeseries,20,3,none,30,True,20260811_033615,3.134761333465576,1.070980429649353,3.92546506908493,3.731488943099976,0.9893039464950562,0.9592555165290833,,0.9720832705497742,0.8623839020729065,0.978616178035736,0.9092988967895508,0.0,default
MSAGAT-Net.loggrowth,nhs_timeseries,20,3,none,30,True,20260811_044936,1.881041169166565,0.6335049867630005,2.5249150441296084,2.370319366455078,0.9954166412353516,0.9808115363121032,,0.9884501695632936,0.9482330679893494,0.9899742007255554,0.956196129322052,0.0,default
MSAGAT-Net,nhs_timeseries,20,3,none,30,True,20260811_091218,3.469181776046753,1.4315390586853027,4.387233089142494,4.0655198097229,0.9914028644561768,0.9645113348960876,,0.965129017829895,0.8439505696296692,0.980786681175232,0.9297283291816713,0.0,default
MSAGAT-Net.loggrowth.quant,nhs_timeseries,20,3,none,30,True,20260814_032443,1.627419283793435,0.6693535853535914,2.274436470809048,2.0939618894164367,0.9957506064307886,0.9838183784965492,,0.9906280439176134,0.9600906440481758,0.990917137490002,0.9616488099911434,0.0,default
MSAGAT-Net.loggrowth.quant.attnfix,nhs_timeseries,20,3,none,30,True,20260819_012820,2.3016135232598898,0.8808556053766032,3.1835826850081523,2.958138497756978,0.9918649335156036,0.9664216336788,,0.9816382152755634,0.9199141223042818,0.9827259901534098,0.9255707189655888,0.0,default
MSAGAT-Net.loggrowth.quant.exp-nodecay-regpre,nhs_timeseries,20,3,none,30,True,20260819_075553,2.301881481577469,0.8933974925439663,3.185999199171188,2.957341681081271,0.9924025985575032,0.9684899584527435,,0.9816103294893628,0.9199552620806484,0.9832886966700763,0.928404097570026,0.0,default
MSAGAT-Net.loggrowth.quant.exp-nodecay-regpre-reniter.renewal7,nhs_timeseries,20,3,none,30,True,20260820_141329,1.6779824359742337,0.6061814912828437,2.344399870823909,2.182108238104574,0.9955565400128326,0.983222734677338,,0.9900425989133664,0.9559625388226076,0.990571000562986,0.9594614356005392,0.0,default
MSAGAT-Net.loggrowth.quant.exp-nodecay-regpre-reniter-giunif.renewal7,nhs_timeseries,20,3,none,30,True,20260820_142651,1.5737412779310276,0.6297113663532253,2.1687952699101403,2.014603981915189,0.9957544777256204,0.981981251649538,,0.9914784275992876,0.9624546671781828,0.9914789997888404,0.962659387301154,0.0,default
MSAGAT-Net.loggrowth.quant.exp-nodecay-regpre-reniter.renewal7.gifix5.2-1.72,nhs_timeseries,20,3,none,30,True,20260820_143719,1.6715645822923086,0.6088441674549196,2.304249504461908,2.1482580320178326,0.9952720461725582,0.9802897982082996,,0.9903807407650884,0.9570140324265566,0.9903964604667076,0.957698607359774,0.0,default
MSAGAT-Net.loggrowth.quant,nhs_timeseries,20,3,none,30,True,20260825_110524,1.591532428123812,0.617088981010347,2.2122155592078205,2.0465286428271385,0.995949333072222,0.9839382375233504,,0.991133800310986,0.961718022167672,0.9914721492389929,0.9635470058942814,0.0,nhs-adj-100
MSAGAT-Net.pprm-multistep.sgate,nhs_timeseries,20,3,none,42,True,20260810_221904,3.41239857673645,1.21945321559906,4.301585220182687,4.067539215087891,0.988021731376648,0.9547286033630372,,0.9664772748947144,0.8363236784934998,0.9761674404144288,0.8995456099510193,0.0,default
MSAGAT-Net.pprm-multistep,nhs_timeseries,20,3,none,42,True,20260811_024835,3.163950204849243,1.1047759056091309,3.982058940250067,3.778608560562134,0.989385724067688,0.9568740725517272,,0.9712724685668944,0.8595554232597351,0.9788277745246888,0.9085922837257384,0.0,default
MSAGAT-Net.sgate,nhs_timeseries,20,3,none,42,True,20260811_031338,3.578248977661133,1.306465983390808,4.528175310549097,4.2642598152160645,0.9894866943359376,0.9602932929992676,,0.9628525376319884,0.8203708529472351,0.9789463877677916,0.9151539206504822,0.0,default
MSAGAT-Net.loggrowth,nhs_timeseries,20,3,none,42,True,20260811_042721,1.6216307878494265,0.4609608650207519,2.137324775518433,2.0479960441589355,0.9959536790847778,0.9816856980323792,,0.9917239546775818,0.9604130387306212,0.991896629333496,0.9620487093925476,0.0,default
MSAGAT-Net,nhs_timeseries,20,3,none,42,True,20260811_143719,2.734082698822021,0.8415690660476685,3.4515312279752,3.297865629196167,0.99335777759552,0.970735251903534,,0.9784172773361206,0.8947246670722961,0.9865714311599731,0.9416760206222534,0.0,default
MSAGAT-Net.loggrowth.quant,nhs_timeseries,20,3,none,42,True,20260814_032454,1.6400267328629947,0.5787329361297071,2.2215959104135607,2.077802900358229,0.9958636309020272,0.982742175000656,,0.9910584510590807,0.960179492869859,0.9915306123788102,0.962922873924435,0.0,default
MSAGAT-Net.loggrowth.quant.attnfix,nhs_timeseries,20,3,none,42,True,20260819_012538,1.6275234447416076,0.5886491512831743,2.190315551568984,2.052589551833439,0.995914549296882,0.9822972867578852,,0.9913084747364106,0.9610151252100996,0.991665180682348,0.9630107830462308,0.0,default
MSAGAT-Net.loggrowth.quant.exp-nodecay-regpre,nhs_timeseries,20,3,none,42,True,20260819_020356,1.6897072451930948,0.599438078162336,2.2646782998959885,2.119993881849692,0.9961671950334104,0.9828025468932104,,0.9907082896985362,0.9585910354356092,0.9916478117886606,0.9633281180164462,0.0,default
MSAGAT-Net.loggrowth.quant.exp-nodecay-regpre-temp,nhs_timeseries,20,3,none,42,True,20260819_024025,1.605327528995794,0.5238055096219362,2.139193004268589,2.0296690543123543,0.99610166062411,0.9825600320906293,,0.9917094648923208,0.9616924761515276,0.9919760101499518,0.9631259534986488,0.0,default
MSAGAT-Net.loggrowth.quant.exp-nodecay-regpre-init10,nhs_timeseries,20,3,none,42,True,20260819_024637,1.637648001206178,0.5587232863334014,2.228599124058787,2.091352253752647,0.9961332926972072,0.9832754489256272,,0.9910019886968764,0.959508834818358,0.9917630577745956,0.9634320116438176,0.0,default
MSAGAT-Net.loggrowth.quant.exp-nodecay-regpre-lrx10,nhs_timeseries,20,3,none,42,True,20260819_065556,1.5735189401427936,0.5113835888525791,2.1285093970814137,2.006766180157148,0.9963176235233666,0.9836364665612974,,0.9917920676720338,0.9626084462536522,0.9922676773399132,0.9650868381558588,0.0,default
MSAGAT-Net.loggrowth.quant.exp-nodecay-regpre-adjstd,nhs_timeseries,20,3,none,42,True,20260819_070738,1.7255507149605016,0.6291405688802668,2.3487687653055334,2.18785234166201,0.9961961226907184,0.9837488875687496,,0.9900054522047832,0.9560859138853718,0.991312656756328,0.9626648940327766,0.0,default
MSAGAT-Net.loggrowth.quant.exp-nodecay-regpre-scorenorm,nhs_timeseries,20,3,none,42,True,20260819_071342,1.826729431070524,0.605781898311547,2.435757242291541,2.2995014734959827,0.9954946137430288,0.9791577274894976,,0.989251431502002,0.9511176485957652,0.9901227043462996,0.9556450465794633,0.0,default
MSAGAT-Net.loggrowth.quant.exp-nodecay-regpre-multgate,nhs_timeseries,20,3,none,42,True,20260819_072256,1.573619395613385,0.5109653852339303,2.12450127696363,2.0016876829446573,0.9961990683731092,0.9835488219911064,,0.9918229506964192,0.9628816287670257,0.9921343096239348,0.9645867471035644,0.0,default
MSAGAT-Net.loggrowth.quant.exp-nodecay-regpre-rank2,nhs_timeseries,20,3,none,42,True,20260819_073012,1.5586502055882077,0.5902619806382451,2.108460919771311,1.973978189485669,0.9959984832285764,0.9830236828212668,,0.9919459608748428,0.9640301767744532,0.992006910183336,0.964709425988994,0.0,default
MSAGAT-Net.loggrowth.quant.exp-nodecay-regpre-rank16,nhs_timeseries,20,3,none,42,True,20260819_073530,1.5402926617113952,0.5449358405228584,2.0883147215663214,1.957586704066376,0.996494647815214,0.9846901914567237,,0.9920991371407978,0.9646063845469326,0.9926927827489864,0.9677777536432774,0.0,default
MSAGAT-Net.loggrowth.quant.exp-nodecay-regpre-adjstd-lrx10,nhs_timeseries,20,3,none,42,True,20260819_074101,1.5565439642950334,0.5084039009053841,2.078731247561479,1.968010665777112,0.996251158127963,0.983369572811079,,0.9921714863659098,0.963956582176256,0.99237853752101,0.9651606450544018,0.0,default
MSAGAT-Net.loggrowth.quant.exp-nodecay-regent,nhs_timeseries,20,3,none,42,True,20260819_074722,1.6037301737978662,0.5261093727639838,2.140341670696608,2.0191290274628666,0.996273629620035,0.9834618672001704,,0.9917005590889714,0.9621771101052546,0.9922357067229908,0.9649803571751504,0.0,default
MSAGAT-Net.loggrowth.quant.exp-nodecay-regpre.renewal,nhs_timeseries,20,3,none,42,True,20260819_081622,1.7892914345905673,0.6615016156911063,2.440787776271871,2.2837431159079005,0.9950440043664378,0.9801497449206036,,0.989206987930866,0.951686321740331,0.9898302293856142,0.9557772142603732,0.0,default
MSAGAT-Net.loggrowth.quant.exp-nodecay-regpre-renewal_lag0.renewal,nhs_timeseries,20,3,none,42,True,20260819_112026,1.561881659655027,0.5334189980452495,2.141690097826459,2.012423300567048,0.9959696795616648,0.9832710667490704,,0.9916900984072058,0.9622470571837376,0.991872453264025,0.9639347610323392,0.0,default
MSAGAT-Net.loggrowth.quant.exp-nodecay-regpre.renewal7,nhs_timeseries,20,3,none,42,True,20260819_113049,1.6754073552959745,0.5409570518683976,2.239567232266443,2.129074036492343,0.9954664948627342,0.9794844411361306,,0.9909132028617657,0.9572423147793288,0.9909382682891182,0.9583698722102,0.0,default
MSAGAT-Net.loggrowth.quant.exp-nodecay-regpre.renewal21,nhs_timeseries,20,3,none,42,True,20260819_114023,1.704665876871476,0.7552439590068473,2.3713115918691186,2.1774150354759443,0.99504756563127,0.980593036551574,,0.9898126817883688,0.9565731070941468,0.9901089962909996,0.9587673438398028,0.0,default
MSAGAT-Net.loggrowth.quant.exp-nodecay-regpre-renewres-renewal_lag0.renewal7,nhs_timeseries,20,3,none,42,True,20260819_115244,1.5096946006666063,0.5165812985468222,2.049793201567734,1.9289404204554248,0.9962053541367092,0.983404368313846,,0.9923879309318144,0.9655451256013668,0.9924115217477062,0.9658682990894658,0.0,default
MSAGAT-Net.loggrowth.quant.exp-nodecay-regpre-renewres.renewal7,nhs_timeseries,20,3,none,42,True,20260819_120015,1.6943043342420605,0.665136483296085,2.331529048393595,2.145265261348644,0.9962260940372124,0.9834525805301804,,0.9901516316274268,0.9579897647447172,0.9911658461872084,0.9632197687885496,0.0,default
MSAGAT-Net.loggrowth.quant.exp-nodecay-regpre-reniter.renewal7,nhs_timeseries,20,3,none,42,True,20260820_021827,1.6322390949925898,0.571489351190912,2.2491817472148616,2.110154789123827,0.9954371310313704,0.9823528178375254,,0.9908350157227724,0.9584437805969674,0.9908812914421354,0.9599918283202218,0.0,default
MSAGAT-Net.loggrowth.quant.exp-nodecay-regpre-reniter.renewal14,nhs_timeseries,20,3,none,42,True,20260820_040505,1.6312608576639118,0.6220977366374965,2.257840796497912,2.106427066266185,0.995888940161812,0.9829014815436836,,0.990764311953786,0.9591291773216862,0.991071192792911,0.9609288779103136,0.0,default
MSAGAT-Net.loggrowth.quant.exp-nodecay-regpre-reniter-renewres.renewal7,nhs_timeseries,20,3,none,42,True,20260820_041431,1.5654957597482138,0.5595051707106438,2.1341397257388803,2.0101407203149355,0.99587453054874,0.9821839307196631,,0.9917485870292836,0.9623029735663114,0.9917634536063336,0.962846383790082,0.0,default
MSAGAT-Net.loggrowth.quant.exp-nodecay-regpre-reniter-giunif.renewal7,nhs_timeseries,20,3,none,42,True,20260820_092110,1.722951504343144,0.531235018414358,2.3006199661270874,2.197643098165989,0.9954851405211452,0.9797213344225916,,0.9904110204488674,0.9544060266196056,0.9905970574922676,0.9558001959839196,0.0,default
MSAGAT-Net.loggrowth.quant.exp-nodecay-regpre-reniter.renewal7.gifix5.2-1.72,nhs_timeseries,20,3,none,42,True,20260820_102413,1.6735290145740829,0.5335384550573559,2.284537537417356,2.166183915713236,0.9953342652688696,0.9810881375627468,,0.9905446149298146,0.9557507890269916,0.9906494743215276,0.9578584460421286,0.0,default
MSAGAT-Net.loggrowth.quant,nhs_timeseries,20,3,none,42,True,20260825_141551,1.6161130807062958,0.5516645444173933,2.190979100942568,2.055324256910453,0.9961549266094016,0.9841106968354676,,0.9913032077969266,0.9610071548945138,0.9917984462889698,0.963614885629348,0.0,nhs-adj-100
MSTAGAT-Net,nhs_timeseries,20,3,none,45,True,20260127_031919,7.26134443283081,3.153053045272827,8.571329951854302,7.967645168304443,0.9904831051826476,0.9926638007164,3.1673778266849695e-08,0.95478492975235,0.9057384729385376,0.9801942110061646,0.9748870730400084,5.652341842651367,default
MSAGAT-Net.pprm-multistep,nhs_timeseries,20,3,none,45,True,20260811_025116,2.724612236022949,0.9543882012367249,3.542919221676967,3.373603582382202,0.9885907769203186,0.9462025761604308,,0.9772592186927797,0.8932244181632996,0.9772998094558716,0.8938960433006287,0.0,default
MSAGAT-Net.sgate,nhs_timeseries,20,3,none,45,True,20260811_031608,2.906126976013184,0.9194443821907043,3.665545913610632,3.513571262359619,0.9880666136741638,0.9434735178947448,,0.9756578207015992,0.8833566308021545,0.9760823249816896,0.8886064887046814,0.0,default
MSAGAT-Net.pprm-multistep.sgate,nhs_timeseries,20,3,none,45,True,20260811_033800,2.7071175575256348,0.9318064451217652,3.513146777354433,3.3332340717315674,0.9899778962135316,0.9530020952224731,,0.9776397943496704,0.896233081817627,0.9796144962310792,0.9069578051567078,0.0,default
MSAGAT-Net.loggrowth,nhs_timeseries,20,3,none,45,True,20260811_045025,2.220933675765991,0.7709210515022278,2.9522283898472885,2.796648025512696,0.9929091334342957,0.9676464200019836,,0.9842099547386168,0.927231788635254,0.9852120876312256,0.9323511123657228,0.0,default
MSAGAT-Net,nhs_timeseries,20,3,none,45,True,20260811_091230,2.7042953968048096,0.9253294467926024,3.531377739410402,3.3626158237457275,0.9886819124221802,0.9460821747779846,,0.977407157421112,0.8939699530601501,0.9774180054664612,0.8946508169174194,0.0,default
MSAGAT-Net.loggrowth.quant,nhs_timeseries,20,3,none,45,True,20260814_032505,1.6004018949587062,0.608817050513655,2.1784116530384634,2.026037445248835,0.9958958908400084,0.9826208450042055,,0.9914026911929936,0.9622867993090036,0.991577727275161,0.9632650921980132,0.0,default
MSAGAT-Net.loggrowth.quant.attnfix,nhs_timeseries,20,3,none,45,True,20260819_013026,1.7024595176612294,0.7209600983336919,2.343194710473384,2.1481781104267434,0.995031937713896,0.9796873633394776,,0.9900528336695698,0.9575269976818512,0.99005659706979,0.9584034206204148,0.0,default
MSAGAT-Net.loggrowth.quant.exp-nodecay-regpre,nhs_timeseries,20,3,none,45,True,20260819_075755,1.6438783147957263,0.6736406318690867,2.292034657140608,2.097040993341872,0.9952729303269992,0.9810740096160464,,0.9904824540164272,0.9598621551429743,0.9904919888582212,0.9600784274317472,0.0,default
MSAGAT-Net.loggrowth.quant.exp-nodecay-regpre-reniter.renewal7,nhs_timeseries,20,3,none,45,True,20260820_141625,1.5823286272769723,0.6238720504241331,2.2026378133377045,2.0346315602469085,0.9955961303194312,0.9824030539734264,,0.99121040621063,0.961719345672782,0.9912113938809428,0.962486669094143,0.0,default
MSAGAT-Net.loggrowth.quant.exp-nodecay-regpre-reniter-giunif.renewal7,nhs_timeseries,20,3,none,45,True,20260820_142923,1.9220076323221515,0.726974764958469,2.7015833303817858,2.4889693414833447,0.9938672801081012,0.975328458377495,,0.9867773239140089,0.9428269731667814,0.987256645836658,0.946087069060473,0.0,default
MSAGAT-Net.loggrowth.quant.exp-nodecay-regpre-reniter.renewal7.gifix5.2-1.72,nhs_timeseries,20,3,none,45,True,20260820_143927,1.8716294179891264,0.9511798040281748,2.5749432729007045,2.3358416056388664,0.9950484798584568,0.9785298111438572,,0.9879879272170108,0.9503997772426888,0.9888547536094556,0.956980780504902,0.0,default
MSAGAT-Net.loggrowth.quant,nhs_timeseries,20,3,none,45,True,20260825_141704,1.549294842259939,0.6032604149710178,2.1311734058461647,1.980408297659635,0.9958862926137733,0.9824992514157975,,0.9917715089775176,0.9639214994553773,0.9917816358824904,0.9641327022607583,0.0,nhs-adj-100
MSTAGAT-Net,nhs_timeseries,20,3,none,123,True,20260127_032005,9.51083278656006,5.574204921722412,11.495201768402724,10.153085708618164,0.9836013317108154,0.99130779504776,3.912279566975485e-08,0.9186757206916808,0.8309534788131714,0.9673014879226683,0.9765081405639648,5.946226596832275,default
MSAGAT-Net,nhs_timeseries,20,3,none,123,True,20260811_091242,3.48706579208374,1.0722092390060425,4.345502979941636,4.174078941345215,0.9846163392066956,0.9315837621688844,,0.965789258480072,0.8321868181228638,0.9688976407051086,0.8597524762153625,0.0,default
MSAGAT-Net.loggrowth.quant,nhs_timeseries,20,3,none,123,True,20260814_032433,2.6077020399016755,1.2048649891443477,3.760237300318711,3.389397926948974,0.9911854207814232,0.9680774806423827,,0.9743838929359212,0.8964071489467906,0.9778146678472824,0.913642696682748,0.0,default
MSAGAT-Net.loggrowth.quant.attnfix,nhs_timeseries,20,3,none,123,True,20260819_013207,2.5050735386580536,1.1406708028756884,3.502864285459187,3.182461907214815,0.9918909002068176,0.9699283612177356,,0.9777705229405405,0.9081684579501278,0.9806678005568644,0.9227834719526492,0.0,default
MSAGAT-Net.loggrowth.quant.exp-nodecay-regpre,nhs_timeseries,20,3,none,123,True,20260819_075908,2.783872158976431,1.3164737534600564,3.980342526557034,3.5973036685692947,0.9916114854335794,0.9688306179424336,,0.9712972494396248,0.8831612827170566,0.9770814876688488,0.912121592078916,0.0,default
MSAGAT-Net.loggrowth.quant.exp-nodecay-regpre-reniter.renewal7,nhs_timeseries,20,3,none,123,True,20260820_142102,1.611585274421969,0.5729581848648135,2.1578500758040065,2.03432699823835,0.9959566841791548,0.9813674073750496,,0.99156422169261,0.9613866368663252,0.9917150369077374,0.9628218547920104,0.0,default
MSAGAT-Net.loggrowth.quant.exp-nodecay-regpre-reniter-giunif.renewal7,nhs_timeseries,20,3,none,123,True,20260820_143103,2.991947158707301,1.036909381296451,4.042477259024512,3.808733816812747,0.9865406138360616,0.946151249295743,,0.9703941322823212,0.8628733076228474,0.972557301997154,0.8798298235955185,0.0,default
MSAGAT-Net.loggrowth.quant.exp-nodecay-regpre-reniter.renewal7.gifix5.2-1.72,nhs_timeseries,20,3,none,123,True,20260820_144110,3.726082459555944,1.534299388866891,5.307089586081453,4.857531720815085,0.9838153380142114,0.9430879642181142,,0.9489735375199828,0.7832909731182045,0.9587295427167116,0.8359930531111955,0.0,default
MSTAGAT-Net,nhs_timeseries,20,3,none,1000,True,20260127_032033,6.62894868850708,3.028780698776245,8.154580131682037,7.549433708190918,0.9921857118606568,0.989067554473877,2.7063528307280652e-08,0.959074854850769,0.9185968041419984,0.9824662208557128,0.9753026962280272,3.5449817180633545,default
MSAGAT-Net,nhs_timeseries,20,3,none,1000,True,20260811_091253,2.620504379272461,0.993711531162262,3.5220717259240635,3.303695678710937,0.9894741773605348,0.9549552202224731,,0.977526068687439,0.8986773490905762,0.9790244102478028,0.9063265919685364,0.0,default
MSAGAT-Net.loggrowth.quant,nhs_timeseries,20,3,none,1000,True,20260814_032422,1.5830125613204975,0.6564386133734861,2.159357770294808,1.9965997963121247,0.9958069064337544,0.9826185866389548,,0.9915524293814844,0.9634755379491168,0.9916220587610568,0.9641923691865554,0.0,default
MSAGAT-Net.loggrowth.quant.attnfix,nhs_timeseries,20,3,none,1000,True,20260819_013409,1.663360618774356,0.7429244052191123,2.2848119527070474,2.0932406567778963,0.9955385795647986,0.9811451253951428,,0.990542343259486,0.9599019841003296,0.9909558755479442,0.9622329508877412,0.0,default
MSAGAT-Net.loggrowth.quant.exp-nodecay-regpre,nhs_timeseries,20,3,none,1000,True,20260819_080104,1.6199949395152349,0.6658237428621455,2.2121486385201705,2.046464549107932,0.9956884625488523,0.9813576241583708,,0.991134336717308,0.9614831606164198,0.9912372603235028,0.9626178381346004,0.0,default
MSAGAT-Net.loggrowth.quant.exp-nodecay-regpre-reniter.renewal7,nhs_timeseries,20,3,none,1000,True,20260820_142311,1.6185306881012578,0.5606543292846775,2.208345172961009,2.073781366287803,0.9955915381138428,0.9814745281699364,,0.9911647969276728,0.9598699137628844,0.9911791537886288,0.9614617608253522,0.0,default
MSAGAT-Net.loggrowth.quant.exp-nodecay-regpre-reniter-giunif.renewal7,nhs_timeseries,20,3,none,1000,True,20260820_143405,1.766023336794504,0.7995215479972756,2.4929790485120176,2.2619332325203403,0.9947363264623398,0.9779271456612358,,0.9887404798968658,0.9532621274616532,0.989194589043848,0.9560882186392626,0.0,default
MSAGAT-Net.loggrowth.quant.exp-nodecay-regpre-reniter.renewal7.gifix5.2-1.72,nhs_timeseries,20,3,none,1000,True,20260820_144413,1.796626083820416,0.7915264731948238,2.517809062788529,2.2819011585564604,0.9944509828470028,0.9768196361548354,,0.988515073814436,0.9524935319919522,0.9887312315606294,0.9540606878769496,0.0,default
MSAGAT-Net.loggrowth.quant,nhs_timeseries,20,7,mean_agam,30,True,20260825_111415,6.194028908646972,3.32320037497917,9.20235249752331,8.200675224980206,0.959141047186782,0.8768553486203678,,0.8465805740752596,0.3963215185810804,0.8732914383776209,0.5289010037478568,0.0,default
MSAGAT-Net.loggrowth.quant,nhs_timeseries,20,7,mean_agam,42,True,20260825_111329,3.69349917300872,1.392088018386653,5.059160104911609,4.737559067811551,0.9772437218355658,0.9059422786652356,,0.9536297464608122,0.7929044421752997,0.9536764508772247,0.7938574944422226,0.0,default
MSAGAT-Net.loggrowth.quant,nhs_timeseries,20,7,mean_agam,45,True,20260825_111507,4.467283620942809,2.1592806496878585,6.310409154794767,5.693252518594577,0.9638276133866402,0.8703039486226072,,0.9278564246949516,0.7054233746503072,0.928874099732811,0.7138279171152689,0.0,default
MSAGAT-Net.loggrowth.quant,nhs_timeseries,20,7,mean_agam,123,True,20260825_111641,4.651191627941223,1.99204063669906,6.668505813232851,6.068501487990065,0.9692756085334464,0.894970624044989,,0.9194362465682312,0.6655616137746457,0.9262160669176912,0.6997034228782374,0.0,default
MSAGAT-Net.loggrowth.quant,nhs_timeseries,20,7,mean_agam,1000,True,20260825_111732,4.6374152281811405,2.055773983219976,6.504314771670334,5.9387774323815,0.9657913949762618,0.8855911719464379,,0.9233546654272232,0.6786801142602064,0.924687803577031,0.6867301387911396,0.0,default
EpiSIG-Net-V3,nhs_timeseries,20,7,no_agam,1,True,20260204_221616,6.427160263061523,2.519739151000977,9.29669856056313,8.723649024963379,0.9780269861221312,0.9633302092552184,1.896237300513804e-08,0.9468082189559937,0.892285168170929,0.94776451587677,0.8975830674171448,7.011439323425293,default
MSAGAT-Net,nhs_timeseries,20,7,no_agam,5,True,20260410_160330,4.682601451873779,1.7258325815200806,6.273327134089121,5.949588775634766,0.9643818140029908,0.8558991551399231,,0.9287018179893494,0.6713228225708008,0.9294752478599548,0.6825446486473083,0.0,default
MSAGAT-Net.loggrowth.quant,nhs_timeseries,20,7,no_agam,30,True,20260825_105808,4.434704231673589,1.4045390599132122,5.9872419390177445,5.743255193218737,0.9684407214054952,0.8697871265134153,,0.9350564179107748,0.6892627768749834,0.9354479052168976,0.693753225981424,0.0,default
MSAGAT-Net,nhs_timeseries,20,7,no_agam,42,True,20260410_202739,4.696629524230957,1.8374757766723635,6.316996266699554,5.901847362518311,0.96419495344162,0.8383930921554565,,0.927705705165863,0.6787027716636658,0.9283269643783568,0.6896763443946838,0.0,default
MSAGAT-Net.loggrowth.quant,nhs_timeseries,20,7,no_agam,42,True,20260819_020014,4.861907850383095,1.856964115806914,6.744516774315378,6.358195064848641,0.9645335650011398,0.8740434394431461,,0.9175891674303246,0.6270253292877088,0.9198539063556116,0.6397895971404164,0.0,default
MSAGAT-Net.loggrowth.quant,nhs_timeseries,20,7,no_agam,45,True,20260825_105839,5.198208829686819,2.2793407984797955,7.427878101306401,6.898494011147109,0.955574008949492,0.8542033760779745,,0.9000432425727776,0.5641895200451107,0.9015968306658824,0.5763370244629937,0.0,default
MSAGAT-Net.loggrowth.quant,nhs_timeseries,20,7,no_agam,123,True,20260825_105919,4.3240560212805095,1.626898506251764,6.0151258663933245,5.60555047263788,0.9708965751167952,0.8955174417230535,,0.9344500956719533,0.7116318203775512,0.936220070922072,0.7216321843254931,0.0,default
MSAGAT-Net.loggrowth.quant,nhs_timeseries,20,7,no_agam,1000,True,20260825_105950,5.110444370166644,1.9313737664077928,7.269422454107755,6.845703621411694,0.9577057456241942,0.8617037656010801,,0.9042624212777876,0.5652805054219784,0.9069865305089068,0.5832767687352425,0.0,default
EpiSIG-Net-V3,nhs_timeseries,20,7,no_mtfm,1,True,20260204_222250,6.427160263061523,2.519739151000977,9.29669856056313,8.723649024963379,0.9780269861221312,0.9633302092552184,1.896237300513804e-08,0.9468082189559937,0.892285168170929,0.94776451587677,0.8975830674171448,7.011439323425293,default
MSAGAT-Net,nhs_timeseries,20,7,no_mtfm,5,True,20260410_160437,4.673903465270996,1.5660524368286133,5.99815721823365,5.741137027740479,0.969227135181427,0.8529477119445801,,0.9348194003105164,0.6875685453414917,0.9386207461357116,0.7145275473594666,0.0,default
MSAGAT-Net.loggrowth.quant,nhs_timeseries,20,7,no_mtfm,30,True,20260825_111955,4.507963582647389,1.909297773627148,6.391257430350037,5.847470613676244,0.9702265788340072,0.8898199232560027,,0.9259959914437852,0.6883777897284143,0.9309688453650288,0.713868591174064,0.0,default
MSAGAT-Net,nhs_timeseries,20,7,no_mtfm,42,True,20260410_202920,4.765077114105225,1.708735466003418,6.192481299608105,5.865355491638184,0.9653717875480652,0.8484917879104614,,0.9305276274681092,0.6799832582473755,0.931876301765442,0.6986239552497864,0.0,default
MSAGAT-Net.loggrowth.quant,nhs_timeseries,20,7,no_mtfm,42,True,20260825_111906,3.792033805765348,1.4689641524973391,5.148731317866518,4.828910262766287,0.9764022271349422,0.901863115153274,,0.9519732629360724,0.7836552520271878,0.95203698557014,0.7845755133330405,0.0,default
MSAGAT-Net.loggrowth.quant,nhs_timeseries,20,7,no_mtfm,45,True,20260825_112021,4.994681284366754,2.148742875300196,7.12508282779643,6.61606322897581,0.9575557037935376,0.8605585453650556,,0.9080265541325248,0.5968265175017934,0.9086486878205108,0.6020225489144273,0.0,default
MSAGAT-Net.loggrowth.quant,nhs_timeseries,20,7,no_mtfm,123,True,20260825_112133,4.510681171989973,1.865877263262636,6.396316910933471,5.856110098299816,0.9665219284694838,0.8877495731671866,,0.9258787781882226,0.6865330927803142,0.9274336872447216,0.6961595193219524,0.0,default
MSAGAT-Net.loggrowth.quant,nhs_timeseries,20,7,no_mtfm,1000,True,20260825_112314,4.205754059986029,1.8487172452766267,6.050051889347103,5.497570900515993,0.9698387680287625,0.8948000916487195,,0.9336866722443824,0.7259170854967673,0.9353306249946468,0.735885351960001,0.0,default
EpiSIG-Net-V3,nhs_timeseries,20,7,no_pprm,1,True,20260204_222936,6.427160263061523,2.519739151000977,9.29669856056313,8.723649024963379,0.9780269861221312,0.9633302092552184,1.896237300513804e-08,0.9468082189559937,0.892285168170929,0.94776451587677,0.8975830674171448,7.011439323425293,default
MSAGAT-Net,nhs_timeseries,20,7,no_pprm,5,True,20260410_160544,5.299018383026123,1.6594897508621216,6.805136244262749,6.555739402770996,0.9589660167694092,0.8014981150627136,,0.916101098060608,0.5887276530265808,0.9190270900726318,0.611577570438385,0.0,default
MSAGAT-Net.loggrowth.quant,nhs_timeseries,20,7,no_pprm,30,True,20260825_112525,6.651714983551576,3.2501755861489023,9.645601694807242,8.684342922591558,0.963006604496329,0.8874804859057157,,0.8314451428572038,0.3209732902729499,0.8752617092445054,0.5381884272214966,0.0,default
MSAGAT-Net,nhs_timeseries,20,7,no_pprm,42,True,20260410_203109,5.318405151367188,2.178544044494629,7.376262233499668,6.9303083419799805,0.9550679922103882,0.812800943851471,,0.9014276266098022,0.5540303587913513,0.9120599627494812,0.6084570288658142,0.0,default
MSAGAT-Net.loggrowth.quant,nhs_timeseries,20,7,no_pprm,42,True,20260825_112347,4.8732721912604,2.093898194304081,7.063298804816793,6.39925025584568,0.9679561633419972,0.8934254475383809,,0.9096147046783144,0.6299745764448488,0.9202912705541942,0.6847584213012509,0.0,default
MSAGAT-Net.loggrowth.quant,nhs_timeseries,20,7,no_pprm,45,True,20260825_112615,7.631569921970367,4.063400329522896,11.705302396231808,10.342581132762495,0.9549839695094088,0.8730162710911612,,0.751773639894371,0.0410032098114305,0.8144229355206704,0.3517248820292273,0.0,default
MSAGAT-Net.loggrowth.quant,nhs_timeseries,20,7,no_pprm,123,True,20260825_112704,5.343798654753022,2.4759330015400915,7.889294768859423,7.079613373076411,0.960449520105556,0.8816807147400428,,0.88723898164921,0.5475065104072654,0.9008493772158772,0.6166284861712946,0.0,default
MSAGAT-Net.loggrowth.quant,nhs_timeseries,20,7,no_pprm,1000,True,20260825_112845,4.110641421504908,1.693496823378036,5.722325286540341,5.278100013237707,0.9702482529560114,0.883776370797527,,0.9406763714636294,0.7454272815792169,0.9407295648890704,0.7469440698207837,0.0,default
EpiSIG-Net-V3,nhs_timeseries,20,7,none,1,True,20260204_220549,6.427160263061523,2.519739151000977,9.29669856056313,8.723649024963379,0.9780269861221312,0.9633302092552184,1.896237300513804e-08,0.9468082189559937,0.892285168170929,0.94776451587677,0.8975830674171448,7.011439323425293,default
EpiSIG-Net-V3,nhs_timeseries,20,7,none,2,True,20260204_133010,9.238521575927734,3.882901668548584,12.661901347251884,11.606527328491213,0.9791160821914672,0.963189423084259,3.497764922144597e-08,0.9013300538063048,0.8135891556739807,0.9384756088256836,0.9060024619102478,7.4616923332214355,default
EpiSIG-Net-V3,nhs_timeseries,20,7,none,3,True,20260204_133156,10.43230152130127,5.36572265625,14.730397275085148,13.081625938415527,0.9615309238433838,0.937063217163086,3.3939034693730725e-08,0.8664585947990417,0.7776761651039124,0.9109569787979126,0.8690411448478699,5.217418670654297,default
EpiSIG-Net-V3,nhs_timeseries,20,7,none,4,True,20260204_133421,6.716700553894043,1.943934440612793,8.502803564532774,8.214910507202148,0.9864720106124878,0.9691768288612366,2.6379394668651912e-08,0.9555050134658812,0.8992518186569214,0.9712402820587158,0.9362583160400392,4.196041107177734,default
MSAGAT-Net,nhs_timeseries,20,7,none,5,True,20260410_160113,9.705333709716797,3.923026561737061,11.817487037349764,11.011984825134276,0.9598273634910583,0.8291305899620056,,0.7469927668571472,-0.1670271009206771,0.8967394828796387,0.6672198176383972,0.0,default
EpiSIG-Net-V3,nhs_timeseries,20,7,none,6,True,20260204_133853,7.345840930938721,2.6516149044036865,10.068777460099891,9.464899063110352,0.9800270199775696,0.9601086974143982,2.726638648198332e-08,0.9376063346862792,0.8699645400047302,0.9518505334854126,0.907171666622162,6.251964092254639,default
EpiSIG-Net-V3,nhs_timeseries,20,7,none,7,True,20260204_134047,14.232288360595703,8.228742599487305,21.197893952178656,18.352802276611328,0.9619288444519044,0.931530773639679,4.3796639204174426e-08,0.723450779914856,0.5701678395271301,0.8255695104598999,0.7811045050621033,8.286711692810059,default
EpiSIG-Net-V3,nhs_timeseries,20,7,none,8,True,20260204_134243,7.272716522216797,2.560107707977295,10.043976028833075,9.53719997406006,0.9807716608047484,0.9598219990730286,2.364885709482678e-08,0.9379133582115172,0.8673110008239746,0.9508469104766846,0.8973966836929321,4.403564453125,default
EpiSIG-Net-V3,nhs_timeseries,20,7,none,9,True,20260204_134412,9.604167938232422,3.731500148773194,13.00551018945762,12.114436149597168,0.9778465032577516,0.9564781188964844,3.729620701165004e-08,0.895902156829834,0.7917801737785339,0.9376754760742188,0.8909459710121155,10.610755920410156,default
EpiSIG-Net-V3,nhs_timeseries,20,7,none,10,True,20260204_134649,6.957209587097168,2.651075601577759,10.02827537854197,9.385653495788574,0.977249264717102,0.9547666311264038,2.204441784670053e-08,0.9381073117256165,0.8734679818153381,0.9461158514022828,0.893120288848877,4.527782440185547,default
MSTAGAT-Net,nhs_timeseries,20,7,none,30,True,20260127_032133,8.854217529296875,3.587599992752075,11.101170424880706,10.427528381347656,0.9765307903289796,0.96600341796875,3.698645656413646e-08,0.9241554141044616,0.83901447057724,0.9527000188827516,0.9231199026107788,7.186522960662842,default
MSAGAT-Net.pprm-multistep,nhs_timeseries,20,7,none,30,True,20260811_025426,5.027939319610596,1.6976823806762695,6.42611903082567,6.084454536437988,0.974001407623291,0.883626401424408,,0.9251864552497864,0.6520200371742249,0.9455921053886414,0.768933892250061,0.0,default
MSAGAT-Net.sgate,nhs_timeseries,20,7,none,30,True,20260811_031925,4.414417266845703,1.4886078834533691,5.846864247885624,5.536077976226807,0.9725066423416138,0.8872624635696411,,0.938066065311432,0.7149989008903503,0.9434842467308044,0.7490666508674622,0.0,default
MSAGAT-Net.pprm-multistep.sgate,nhs_timeseries,20,7,none,30,True,20260811_034050,4.900152683258057,1.6149836778640747,6.213005134417077,5.913106441497803,0.9740562438964844,0.8794882893562317,,0.9300663471221924,0.6688258051872253,0.9467939138412476,0.7668986916542053,0.0,default
MSAGAT-Net.loggrowth,nhs_timeseries,20,7,none,30,True,20260811_045245,6.3321614265441895,3.06824803352356,8.992938344249701,8.165480613708496,0.9667662382125854,0.8840745687484741,,0.8534836769104004,0.3988878130912781,0.8872108459472656,0.5667881965637207,0.0,default
MSAGAT-Net,nhs_timeseries,20,7,none,30,True,20260811_091315,4.4940032958984375,1.548194169998169,5.83528053844906,5.561429500579834,0.9694880843162536,0.8666101098060608,,0.9383112192153932,0.7092613577842712,0.9399071335792542,0.7276926040649414,0.0,default
MSAGAT-Net.loggrowth.quant,nhs_timeseries,20,7,none,30,True,20260814_032545,7.879746888269925,4.72385711800695,11.385811183995225,9.866682919794984,0.9697898997237336,0.8876355568300646,,0.7651391770655864,0.1289389319519513,0.8469119726164824,0.5414504851832206,0.0,default
MSAGAT-Net.loggrowth.quant.attnfix,nhs_timeseries,20,7,none,30,True,20260819_013725,6.424049548549074,3.0294265945954746,9.432583207056071,8.539524011225117,0.9547315305236552,0.8653217878908716,,0.8388078406381942,0.3440827134956457,0.8648835273134731,0.4746699448932243,0.0,default
MSAGAT-Net.loggrowth.quant.exp-nodecay-regpre,nhs_timeseries,20,7,none,30,True,20260819_080226,7.17744443921784,3.986276225969139,10.603269971069071,9.37638873217862,0.9588365231711125,0.8849406620376171,,0.7963134924453705,0.2142211585087495,0.8463719538381874,0.4626851383851552,0.0,default
MSAGAT-Net.loggrowth.quant.exp-nodecay-regpre-reniter.renewal7,nhs_timeseries,20,7,none,30,True,20260820_144622,5.234970576698458,1.9164109169644583,7.240696599896194,6.8822419757795785,0.9558917297984436,0.8345362718476583,,0.9050175596705416,0.5498961388090734,0.9074567205577476,0.5728671827639653,0.0,default
MSAGAT-Net.loggrowth.quant.exp-nodecay-regpre-reniter-giunif.renewal7,nhs_timeseries,20,7,none,30,True,20260820_145423,6.9959667893951645,3.1921559380835505,10.064299434865962,9.19654261327502,0.957225949104255,0.8455141468588147,,0.8164942308345048,0.2165998436248295,0.8594518513709752,0.4467307262936552,0.0,default
MSAGAT-Net.loggrowth.quant.exp-nodecay-regpre-reniter.renewal7.gifix5.2-1.72,nhs_timeseries,20,7,none,30,True,20260820_150208,7.526146148408021,3.076453191903819,10.80510766324305,10.12322289919167,0.9414745565975012,0.8201383375544734,,0.7884851709670593,0.0201001042423248,0.8271574212959079,0.2435903026870888,0.0,default
MSAGAT-Net.pprm-multistep,nhs_timeseries,20,7,none,42,True,20260811_025254,4.696755886077881,1.6048794984817505,6.025782186932703,5.753841400146484,0.9669950604438782,0.8448615670204163,,0.934217631816864,0.6890215277671814,0.9350472688674928,0.6979672312736511,0.0,default
MSAGAT-Net.sgate,nhs_timeseries,20,7,none,42,True,20260811_031748,5.051148414611816,1.7738968133926392,6.528181167295172,6.195326805114746,0.9677714705467224,0.8452484011650085,,0.9227911233901978,0.6415529251098633,0.932159960269928,0.6921195387840271,0.0,default
MSAGAT-Net.pprm-multistep.sgate,nhs_timeseries,20,7,none,42,True,20260811_033921,5.51227617263794,1.7761740684509275,6.842300888693512,6.554869651794434,0.9640825390815736,0.8264195322990417,,0.9151822328567504,0.5875810980796814,0.9290903210639954,0.6808757781982422,0.0,default
MSAGAT-Net.loggrowth,nhs_timeseries,20,7,none,42,True,20260811_045121,5.375998020172119,2.544783115386963,7.779785263510677,7.071387767791748,0.9624541997909546,0.8756202459335327,,0.8903476595878601,0.5479337573051453,0.9012924432754515,0.603107750415802,0.0,default
MSAGAT-Net,nhs_timeseries,20,7,none,42,True,20260811_091304,4.689938068389893,1.7600961923599243,6.314915261081392,5.956961154937744,0.964769184589386,0.8359606862068176,,0.9277533292770386,0.6702415347099304,0.9296171069145204,0.6840475797653198,0.0,default
MSAGAT-Net.loggrowth.quant,nhs_timeseries,20,7,none,42,True,20260814_032557,3.81154563216714,1.57348551017451,5.298948522104672,4.890028196276724,0.9754222158760352,0.9073728816560136,,0.9491299664138378,0.7816131030571899,0.9492853058272068,0.7834594606490126,0.0,default
MSAGAT-Net.loggrowth.quant.attnfix,nhs_timeseries,20,7,none,42,True,20260819_013548,3.946668413526424,1.351911558236634,5.17439850242202,4.950716356119953,0.9756118162636666,0.8844470440771975,,0.9514932286632184,0.7695386158567799,0.9515009826098876,0.7700603674302346,0.0,default
MSAGAT-Net.loggrowth.quant.exp-nodecay-regpre,nhs_timeseries,20,7,none,42,True,20260819_020633,3.707971236701975,1.4635496165838051,5.234610982016483,4.854141553325072,0.9760843912192908,0.909309363177552,,0.9503577511451488,0.7841621969413873,0.9507076054034276,0.7874490625400404,0.0,default
MSAGAT-Net.loggrowth.quant.exp-nodecay-regpre-temp,nhs_timeseries,20,7,none,42,True,20260819_024115,4.001959262470769,1.3644657012122257,5.341356797416046,5.048753053249884,0.9778897088009788,0.900865856182258,,0.9483124672368672,0.7634559670674484,0.9515166298947306,0.7799642051820045,0.0,default
MSAGAT-Net.loggrowth.quant.exp-nodecay-regpre-init10,nhs_timeseries,20,7,none,42,True,20260819_024905,3.785080425899122,1.6282299780959344,5.223661535201417,4.814794086191867,0.9755495499111068,0.9011290877697552,,0.9505652113279046,0.7885935591465322,0.9516482277995992,0.7951084279434933,0.0,default
MSAGAT-Net.loggrowth.quant.exp-nodecay-regpre-lrx10,nhs_timeseries,20,7,none,42,True,20260819_065727,3.6464816082123273,1.3699401334583463,4.965510500270639,4.669860188660395,0.9779015490475984,0.9064554837545152,,0.9553305677487895,0.7974203490482051,0.9562129928142388,0.803552594414385,0.0,default
MSAGAT-Net.loggrowth.quant.exp-nodecay-regpre-adjstd,nhs_timeseries,20,7,none,42,True,20260819_070855,3.708480514389748,1.4376112296198298,5.006092108594033,4.691182647396934,0.977229048630104,0.9033215963444295,,0.9545974447551988,0.7963675750384006,0.9548791190935628,0.7986769699883897,0.0,default
MSAGAT-Net.loggrowth.quant.exp-nodecay-regpre-scorenorm,nhs_timeseries,20,7,none,42,True,20260819_071516,4.051751223023377,1.490628662590411,5.579327735931988,5.196305271449242,0.9769565058608026,0.9059765636957016,,0.9436042509146204,0.7516472353015798,0.9480316164475864,0.7744813868745503,0.0,default
MSAGAT-Net.loggrowth.quant.exp-nodecay-regpre-multgate,nhs_timeseries,20,7,none,42,True,20260819_072408,3.7521553076179335,1.3520345180218043,4.979554060566026,4.719008903357356,0.977629067161078,0.90110655055899,,0.955077540406736,0.7928087334434718,0.9550775927361976,0.7934918917731996,0.0,default
MSAGAT-Net.loggrowth.quant.exp-nodecay-regpre-rank2,nhs_timeseries,20,7,none,42,True,20260819_073110,5.698004395935122,3.178486094996793,8.632928558722057,7.499936884373457,0.9593650842925264,0.8861617521008887,,0.8649797470381654,0.4962279337998309,0.8799169249607505,0.5717906444891311,0.0,default
MSAGAT-Net.loggrowth.quant.exp-nodecay-regpre-rank16,nhs_timeseries,20,7,none,42,True,20260819_073630,6.146535297108001,3.2075224019347552,9.190916627916122,8.192424198776532,0.9563444252175864,0.8770195099153881,,0.8469616493256288,0.3960274261055906,0.8669330031835466,0.4957486252497226,0.0,default
MSAGAT-Net.loggrowth.quant.exp-nodecay-regpre-adjstd-lrx10,nhs_timeseries,20,7,none,42,True,20260819_074223,3.699292504349805,1.3178918172208265,4.974534715107533,4.709206285380325,0.978049200966396,0.905757030942515,,0.9551680576294532,0.7932239862069761,0.9553186628052598,0.7949671184985071,0.0,default
MSAGAT-Net.loggrowth.quant.exp-nodecay-regent,nhs_timeseries,20,7,none,42,True,20260819_074824,3.77239105692884,1.3537382946908232,5.043904333957133,4.76766720826244,0.9778802291344144,0.9062425218514204,,0.953908981495036,0.7878109520243729,0.954400072300882,0.79097962577376,0.0,default
MSAGAT-Net.loggrowth.quant.exp-nodecay-regpre.renewal,nhs_timeseries,20,7,none,42,True,20260819_075745,3.85082102074018,1.3667402829703923,5.105458312840114,4.82010467188425,0.9768147780793992,0.8958759932809514,,0.9527771610748176,0.7791066299763779,0.9527971185452718,0.7967047169990886,0.0,default
MSAGAT-Net.loggrowth.quant.exp-nodecay-regpre-renewal_lag0.renewal,nhs_timeseries,20,7,none,42,True,20260819_112206,3.85082102074018,1.3667402829703923,5.105458312840114,4.82010467188425,0.9768147780793992,0.8958759932809514,,0.9527771610748176,0.7791066299763779,0.9527971185452718,0.7967047169990886,0.0,default
MSAGAT-Net.loggrowth.quant.exp-nodecay-regpre.renewal7,nhs_timeseries,20,7,none,42,True,20260819_113229,3.87693893733447,1.754266812607359,5.312538266143412,4.869066824387285,0.9757158277772844,0.8985085841569426,,0.9488687080889066,0.7785303149003003,0.9494398144609127,0.7996702974588682,0.0,default
MSAGAT-Net.loggrowth.quant.exp-nodecay-regpre.renewal21,nhs_timeseries,20,7,none,42,True,20260819_114205,4.064662375311231,1.8351972741052,5.619600431175444,5.1584708143550255,0.9713855787748266,0.8985608141920499,,0.9427871611353889,0.7514334517670738,0.9431269466166876,0.7647057980724042,0.0,default
MSAGAT-Net.loggrowth.quant.exp-nodecay-regpre-renewres-renewal_lag0.renewal7,nhs_timeseries,20,7,none,42,True,20260819_115350,3.951505609112364,1.6257889961873866,5.471370863951423,5.05673564869644,0.97269268908748,0.8999942553391174,,0.945765588719265,0.7603645776828649,0.9459957212121796,0.7709946900008811,0.0,default
MSAGAT-Net.loggrowth.quant.exp-nodecay-regpre-renewres.renewal7,nhs_timeseries,20,7,none,42,True,20260819_120118,3.9552843243906426,1.4786844079445092,5.326418709984648,4.991999033050142,0.9752558983371608,0.8876266626200892,,0.9486011703641338,0.7665565012539287,0.9490080832710645,0.7802601001836452,0.0,default
MSAGAT-Net.loggrowth.quant.exp-nodecay-regpre-reniter.renewal7,nhs_timeseries,20,7,none,42,True,20260820_022016,4.450801277626826,1.4752457975083233,6.139187326799985,5.765178688634492,0.9674579958036988,0.8802793497139362,,0.9317182891614416,0.6879227815534205,0.934297484564908,0.7128386627102028,0.0,default
MSAGAT-Net.loggrowth.quant.exp-nodecay-regpre-reniter.renewal14,nhs_timeseries,20,7,none,42,True,20260820_040703,3.9919041919879503,1.4821604268111264,5.386296861202021,5.057158747000392,0.9741395159355328,0.8983554993776091,,0.947439051421128,0.7604665939135387,0.9485316330239312,0.7772672253811604,0.0,default
MSAGAT-Net.loggrowth.quant.exp-nodecay-regpre-reniter-renewres.renewal7,nhs_timeseries,20,7,none,42,True,20260820_041553,4.012452854172097,1.3829400380839445,5.460168700812745,5.140208837848107,0.9734474539662732,0.8951831242446525,,0.9459874419959478,0.7541711657226957,0.946868501608002,0.7696894870106277,0.0,default
MSAGAT-Net.loggrowth.quant.exp-nodecay-regpre-reniter-giunif.renewal7,nhs_timeseries,20,7,none,42,True,20260820_092320,5.651051564161433,3.3762055159271704,7.875893793210324,6.897591252299452,0.9712104130026458,0.8718576437266184,,0.8876217343034226,0.5651336033408338,0.9201695496274344,0.7544925541515364,0.0,default
MSAGAT-Net.loggrowth.quant.exp-nodecay-regpre-reniter.renewal7.gifix5.2-1.72,nhs_timeseries,20,7,none,42,True,20260820_102746,4.639997111495171,2.9378384847946704,6.888318818353391,5.932265741812814,0.9575744343687608,0.8846297022681762,,0.9140374870193188,0.6832638952223061,0.9140961903279528,0.7434338780136114,0.0,default
MSTAGAT-Net,nhs_timeseries,20,7,none,45,True,20260127_032159,20.960224151611328,10.006302833557127,24.052661340860496,21.842845916748047,0.96234929561615,0.97410249710083,7.789298450688875e-08,0.6439480781555176,0.362587958574295,0.9063395857810974,0.9384310841560364,5.116275787353516,default
MSAGAT-Net.pprm-multistep,nhs_timeseries,20,7,none,45,True,20260811_025557,6.082893371582031,1.8686443567276,7.537116713766186,7.257128238677978,0.961194396018982,0.8144518733024597,,0.8970815539360046,0.4914222359657287,0.922514796257019,0.6489280462265015,0.0,default
MSAGAT-Net.sgate,nhs_timeseries,20,7,none,45,True,20260811_032057,6.328062534332275,2.116859674453736,8.234130855755636,7.837950706481934,0.9571816921234132,0.8195776343345642,,0.8771660923957825,0.4269905984401703,0.9061509370803832,0.5872588753700256,0.0,default
MSAGAT-Net.pprm-multistep.sgate,nhs_timeseries,20,7,none,45,True,20260811_034213,6.03875207901001,1.8516197204589844,7.385858333349788,7.114530086517334,0.9594890475273132,0.8064923882484436,,0.9011709690093994,0.5042728781700134,0.9206129908561708,0.6418258547782898,0.0,default
MSAGAT-Net.loggrowth,nhs_timeseries,20,7,none,45,True,20260811_045331,4.83893346786499,1.6680716276168823,6.65771468260107,6.346637725830078,0.9615424871444702,0.8522767424583435,,0.9196967482566832,0.6196772456169128,0.9210515022277832,0.6312633156776428,0.0,default
MSAGAT-Net,nhs_timeseries,20,7,none,45,True,20260811_091326,5.947776794433594,1.7689309120178225,7.291241646141735,7.047209739685059,0.9574760794639589,0.804397702217102,,0.903686821460724,0.5094202756881714,0.9156035780906676,0.6223653554916382,0.0,default
MSAGAT-Net.loggrowth.quant,nhs_timeseries,20,7,none,45,True,20260814_032608,4.719292781349191,2.2611077639278228,6.945017152177673,6.16104346668375,0.9586507593488858,0.8639921338411801,,0.912616533588948,0.6576537491658087,0.9131978044394858,0.6619918323406927,0.0,default
MSAGAT-Net.loggrowth.quant.attnfix,nhs_timeseries,20,7,none,45,True,20260819_013817,4.33797656704879,2.034026613255601,6.031785961362385,5.534491776427894,0.9686481054244755,0.8781632766469826,,0.9340864856642674,0.7191796310736025,0.9380962040720088,0.741725824256977,0.0,default
MSAGAT-Net.loggrowth.quant.exp-nodecay-regpre,nhs_timeseries,20,7,none,45,True,20260819_080315,4.28220519145203,1.739690732952596,5.913622843704469,5.464647439129282,0.9684319841766053,0.8756308989857136,,0.936643690879954,0.7256200890391417,0.936650221399964,0.7268913272622345,0.0,default
MSAGAT-Net.loggrowth.quant.exp-nodecay-regpre-reniter.renewal7,nhs_timeseries,20,7,none,45,True,20260820_144854,4.622710883141705,1.3441095686836235,6.128706299629038,5.86573870479224,0.9685587205004044,0.8726527073124387,,0.9319512358128442,0.6609874647890213,0.9355978128186312,0.6913129553759462,0.0,default
MSAGAT-Net.loggrowth.quant.exp-nodecay-regpre-reniter-giunif.renewal7,nhs_timeseries,20,7,none,45,True,20260820_145552,5.798472110928294,1.87321163427172,8.266473495115608,7.797539753288477,0.9458786035760371,0.854600585831148,,0.8761992776761527,0.3731125854085257,0.8818156561310381,0.4982871135299822,0.0,default
MSAGAT-Net.loggrowth.quant.exp-nodecay-regpre-reniter.renewal7.gifix5.2-1.72,nhs_timeseries,20,7,none,45,True,20260820_150342,5.141569016033045,2.2930074364817816,6.919629095070837,6.417061758001536,0.9568433708706876,0.8791570710982634,,0.9132542401468164,0.6248847592552403,0.9137352333007424,0.6984645153276563,0.0,default
MSTAGAT-Net,nhs_timeseries,20,7,none,123,True,20260127_032220,15.185077667236328,8.16903305053711,18.85908858264282,16.94532585144043,0.952191174030304,0.951526939868927,5.7162807820532187e-08,0.7811087369918823,0.5233241319656372,0.9013752937316896,0.8979400992393494,9.68447494506836,default
MSAGAT-Net,nhs_timeseries,20,7,none,123,True,20260811_091338,4.704339504241943,1.624106764793396,6.0387517101464665,5.728106498718262,0.9683330059051514,0.8628738522529602,,0.9339341521263124,0.6945013999938965,0.937543511390686,0.7236188054084778,0.0,default
MSAGAT-Net.loggrowth.quant,nhs_timeseries,20,7,none,123,True,20260814_032526,4.227211826102598,1.912301412211123,5.878941546826735,5.366025213459639,0.9691455111538888,0.8913456536718866,,0.9373846362846072,0.7371881569713615,0.9374948723054845,0.7393717827641373,0.0,default
MSAGAT-Net.loggrowth.quant.attnfix,nhs_timeseries,20,7,none,123,True,20260819_013950,4.123290080455238,1.5498417438545804,5.508184215159261,5.180064525893826,0.9746208883017068,0.8981616603289676,,0.9450333162286724,0.7488053917704447,0.9461792798918528,0.7549878130450632,0.0,default
MSAGAT-Net.loggrowth.quant.exp-nodecay-regpre,nhs_timeseries,20,7,none,123,True,20260819_080402,4.249890060160318,1.913126533698076,5.880862912963991,5.394847272752542,0.968806738404422,0.8818747125522588,,0.937343701467332,0.7350510307941038,0.9384278312641412,0.7422226649927774,0.0,default
MSAGAT-Net.loggrowth.quant.exp-nodecay-regpre-reniter.renewal7,nhs_timeseries,20,7,none,123,True,20260820_145056,4.409230796461189,1.5550731897469834,5.988437011933288,5.673202392186801,0.9719527874086628,0.8921743727461889,,0.9350304894239626,0.6929989770757324,0.9406520235950468,0.7320418746947712,0.0,default
MSAGAT-Net.loggrowth.quant.exp-nodecay-regpre-reniter-giunif.renewal7,nhs_timeseries,20,7,none,123,True,20260820_145752,4.435009331343561,1.6048112066571665,6.068378462771218,5.722459680616889,0.9720544028623348,0.8960711078107487,,0.9332843164446912,0.6907380662267384,0.93823089739586,0.7228140075332586,0.0,default
MSAGAT-Net.loggrowth.quant.exp-nodecay-regpre-reniter.renewal7.gifix5.2-1.72,nhs_timeseries,20,7,none,123,True,20260820_150552,4.407357179585782,1.468620923459698,5.90004694472699,5.601117809875491,0.9716418437334474,0.8804654972806115,,0.9369342510282233,0.6852976864552635,0.9406578925436404,0.7192343906580618,0.0,default
MSTAGAT-Net,nhs_timeseries,20,7,none,1000,True,20260127_032253,12.20455265045166,5.919832229614258,16.1523810647997,14.802992820739746,0.960833728313446,0.9567938446998596,4.5914827495607824e-08,0.8394315838813782,0.6796175837516785,0.9018969535827636,0.8747290372848511,3.7173879146575928,default
MSAGAT-Net,nhs_timeseries,20,7,none,1000,True,20260811_091349,8.163922309875488,2.749746799468994,10.1269171512741,9.63536262512207,0.9539921283721924,0.7945941686630249,,0.8142036199569702,0.1097908988595008,0.8980520367622375,0.585172176361084,0.0,default
MSAGAT-Net.loggrowth.quant,nhs_timeseries,20,7,none,1000,True,20260814_032516,5.694612194277816,2.69170481171744,8.272380900658405,7.417547456644087,0.961570406623857,0.8742091432426868,,0.8760222729618747,0.5029454228932904,0.8963630402493553,0.6043972343086024,0.0,default
MSAGAT-Net.loggrowth.quant.attnfix,nhs_timeseries,20,7,none,1000,True,20260819_014130,4.639419646093775,2.087789947580274,6.659986582002155,6.026358260372388,0.9636440588546588,0.8794715793940335,,0.9196419606673024,0.6700390649698342,0.9215977726739474,0.6814144088458776,0.0,default
MSAGAT-Net.loggrowth.quant.exp-nodecay-regpre,nhs_timeseries,20,7,none,1000,True,20260819_080520,5.650950473161669,3.101715228799447,8.420073459072,7.369435964211009,0.9481315513827244,0.8654974670728647,,0.8715558336790341,0.5069714991047116,0.8756435802466696,0.5294581075164696,0.0,default
MSAGAT-Net.loggrowth.quant.exp-nodecay-regpre-reniter.renewal7,nhs_timeseries,20,7,none,1000,True,20260820_145225,5.02653743610892,1.6369773900733944,6.738656412354668,6.424819199260623,0.9647318040068732,0.8676442834166813,,0.9177323200094802,0.5926899206446681,0.925219508613213,0.6526381560760821,0.0,default
MSAGAT-Net.loggrowth.quant.exp-nodecay-regpre-reniter-giunif.renewal7,nhs_timeseries,20,7,none,1000,True,20260820_150047,4.885375576074468,1.9618329677651207,6.907913408763738,6.390490810036124,0.969636351809837,0.8853772084407847,,0.9135477315335304,0.6210851185428875,0.9244577143426114,0.6834862076513613,0.0,default
MSAGAT-Net.loggrowth.quant.exp-nodecay-regpre-reniter.renewal7.gifix5.2-1.72,nhs_timeseries,20,7,none,1000,True,20260820_150755,4.7666324414639885,1.6460544063337128,6.571129735675692,6.18210568283621,0.9672421456179254,0.8749685126791805,,0.921771913598152,0.6270972934996047,0.927898942943384,0.6678513560012428,0.0,default
MSAGAT-Net.loggrowth.quant,nhs_timeseries,20,14,mean_agam,30,True,20260825_113256,9.157492466621749,3.688662021146156,11.815030010235354,11.061215371327332,0.9275005642071116,0.6321455428949271,,0.7470979896778221,-0.1196905417046613,0.8030838333655386,0.1623562141266341,0.0,default
MSAGAT-Net.loggrowth.quant,nhs_timeseries,20,14,mean_agam,42,True,20260825_113228,8.240123420596978,4.344789853224084,12.110874907365256,10.92713289304445,0.8820582731682014,0.7146786271295377,,0.7342742386191464,-0.0827642087318331,0.7343494405558826,-0.0723427239924273,0.0,default
MSAGAT-Net.loggrowth.quant,nhs_timeseries,20,14,mean_agam,45,True,20260825_113337,10.679898647004284,6.411500032961163,17.54597072308556,15.209366933319822,0.8879460707840983,0.7292885542257416,,0.4422527673448558,-1.0744545965754193,0.5325145478267197,-0.6240690568749699,0.0,default
MSAGAT-Net.loggrowth.quant,nhs_timeseries,20,14,mean_agam,123,True,20260825_113500,8.98223932728421,3.951660218332078,13.673220166863466,12.569743800162405,0.9026656663689016,0.7114213960877406,,0.6612929493383356,-0.4282910692569817,0.7159882202570177,-0.1513258254303589,0.0,default
MSAGAT-Net.loggrowth.quant,nhs_timeseries,20,14,mean_agam,1000,True,20260825_113637,7.571134419462154,3.907077747414631,11.422319083155802,10.244579660983062,0.89334866911753,0.6803607469251286,,0.7636306290063878,0.0455301886781803,0.7636309621255688,0.0489900882605775,0.0,default
EpiSIG-Net-V3,nhs_timeseries,20,14,no_agam,1,True,20260204_221818,10.629790306091309,3.088024616241455,14.069752903919236,13.590102195739746,0.9642828702926636,0.9170387983322144,3.8223440412821226e-08,0.8781684041023254,0.7189152836799622,0.9134162664413452,0.8040561676025391,6.684138774871826,default
MSAGAT-Net,nhs_timeseries,20,14,no_agam,5,True,20260410_160346,8.689072608947754,2.4915101528167725,10.703074033295623,10.342206001281738,0.92883038520813,0.6639738082885742,,0.7924610376358032,-0.0728662982583046,0.860101580619812,0.3875217139720917,0.0,default
MSAGAT-Net.loggrowth.quant,nhs_timeseries,20,14,no_agam,30,True,20260825_112910,7.661021254915099,3.085547374486783,10.911266600985163,10.33052547997737,0.8882401923730275,0.6578032908249879,,0.7843085361416284,-0.011201381026758,0.7852052992089857,0.0361584472807856,0.0,default
MSAGAT-Net,nhs_timeseries,20,14,no_agam,42,True,20260410_202803,17.110435485839844,7.836312770843506,20.498189706654586,18.737211227416992,0.8985815048217773,0.5616178512573242,,0.2387738823890686,-2.5585646629333496,0.7214926481246948,0.2994807064533233,0.0,default
MSAGAT-Net.loggrowth.quant,nhs_timeseries,20,14,no_agam,42,True,20260819_020044,8.109627900890418,2.9849131382405627,10.696461503705772,10.068560512202785,0.9257398070531432,0.6384655716877065,,0.7927173804725207,0.068079765355799,0.8096695700056786,0.1686555319188431,0.0,default
MSAGAT-Net.loggrowth.quant,nhs_timeseries,20,14,no_agam,45,True,20260825_113014,8.126362542057647,2.665207812994775,10.957444412338274,10.503691079093509,0.9203795084164764,0.7204635884749898,,0.7824790077469785,-0.0312922236573011,0.797984191878178,0.0516277593899812,0.0,default
MSAGAT-Net.loggrowth.quant,nhs_timeseries,20,14,no_agam,123,True,20260825_113040,7.326307469763379,3.116858868906223,10.263262648988045,9.593206060583018,0.9191045036619464,0.660741278089204,,0.8091669859289223,0.1547282244506065,0.8414673648719615,0.3229795897086896,0.0,default
MSAGAT-Net.loggrowth.quant,nhs_timeseries,20,14,no_agam,1000,True,20260825_113112,9.66039457177507,3.985909452137883,13.627550727529158,12.76088274802592,0.8952429855608246,0.6869526028167809,,0.6635517776050897,-0.4946887831425411,0.6950879712554017,-0.3291620029022985,0.0,default
EpiSIG-Net-V3,nhs_timeseries,20,14,no_mtfm,1,True,20260204_222455,10.629790306091309,3.088024616241455,14.069752903919236,13.590102195739746,0.9642828702926636,0.9170387983322144,3.8223440412821226e-08,0.8781684041023254,0.7189152836799622,0.9134162664413452,0.8040561676025391,6.684138774871826,default
MSAGAT-Net,nhs_timeseries,20,14,no_mtfm,5,True,20260410_160455,15.56213665008545,6.5659284591674805,18.708773850633307,17.319778442382812,0.9129576683044434,0.5461339950561523,,0.3658773303031921,-1.895055174827576,0.7616888880729675,0.2731427252292633,0.0,default
MSAGAT-Net.loggrowth.quant,nhs_timeseries,20,14,no_mtfm,30,True,20260825_113736,8.076999978122954,3.347886303141609,11.017768596964569,10.274938374189713,0.9366045842710228,0.746256044386711,,0.7800773717889883,0.0326991945960981,0.8192252400502686,0.230216663942674,0.0,default
MSAGAT-Net,nhs_timeseries,20,14,no_mtfm,42,True,20260410_202955,10.186320304870604,2.650942802429199,13.37629992861529,13.005385398864746,0.8996170163154602,0.6362093687057495,,0.6758435368537903,-0.6503258347511292,0.7594233751296997,-0.14967080950737,0.0,default
MSAGAT-Net.loggrowth.quant,nhs_timeseries,20,14,no_mtfm,42,True,20260825_113703,13.235869737072935,6.684822953897625,19.49176256876478,17.66755297218936,0.9055796339931164,0.7066226256345843,,0.3116887806714632,-1.807622549115472,0.520474600621618,-0.7762310623450468,0.0,default
MSAGAT-Net.loggrowth.quant,nhs_timeseries,20,14,no_mtfm,45,True,20260825_113807,9.232851350630938,4.033527952033439,13.587582524225404,12.622285966452036,0.8994623548283596,0.7055598256450623,,0.6655224195128472,-0.4561126076319622,0.6989489723109876,-0.2879906158086801,0.0,default
MSAGAT-Net.loggrowth.quant,nhs_timeseries,20,14,no_mtfm,123,True,20260825_113913,9.705461759569165,5.09119740206251,14.734460950561964,13.260183129486958,0.8833134785381851,0.723500728461889,,0.6066753836927479,-0.5855817286053467,0.6360106965661929,-0.4324484322122783,0.0,default
MSAGAT-Net.loggrowth.quant,nhs_timeseries,20,14,no_mtfm,1000,True,20260825_113949,8.259904256222825,3.7709863845024127,11.826823525546793,10.889593704875669,0.9158000848450508,0.7582097463903467,,0.7465928547243422,-0.0780273989287478,0.7660469416333251,0.0245768987313595,0.0,default
EpiSIG-Net-V3,nhs_timeseries,20,14,no_pprm,1,True,20260204_223147,10.629790306091309,3.088024616241455,14.069752903919236,13.590102195739746,0.9642828702926636,0.9170387983322144,3.8223440412821226e-08,0.8781684041023254,0.7189152836799622,0.9134162664413452,0.8040561676025391,6.684138774871826,default
MSAGAT-Net,nhs_timeseries,20,14,no_pprm,5,True,20260410_160559,10.964455604553224,3.822925806045532,13.219527417853,12.619081497192385,0.9204648733139038,0.6308984756469727,,0.6833973526954651,-0.6224440932273865,0.8241775035858154,0.3097338676452636,0.0,default
MSAGAT-Net.loggrowth.quant,nhs_timeseries,20,14,no_pprm,30,True,20260825_114121,8.675589968134476,4.224064386036771,12.766989006437358,11.606953179403622,0.9104814532307216,0.762427794702867,,0.7047026210206265,-0.2215375088064035,0.7334460782634402,-0.0755601327192775,0.0,default
MSAGAT-Net,nhs_timeseries,20,14,no_pprm,42,True,20260410_203140,7.946213245391846,4.253802299499512,11.412114556145069,10.380010604858398,0.8899052739143372,0.6457682251930237,,0.7640527486801147,0.0116069661453366,0.7910687327384949,0.1774056255817413,0.0,default
MSAGAT-Net.loggrowth.quant,nhs_timeseries,20,14,no_pprm,42,True,20260825_114050,13.221775752729354,8.042193126480052,21.03962990519428,18.176493460969333,0.8725412081071958,0.7498481931954434,,0.1980287200056001,-1.9523445230560743,0.3620721793051397,-1.1411903901146014,0.0,default
MSAGAT-Net.loggrowth.quant,nhs_timeseries,20,14,no_pprm,45,True,20260825_114203,13.666877085032317,7.705438725121918,21.62048864250265,19.240863708994983,0.8186513016282909,0.6768672988716716,,0.1531360735851032,-2.3275106194066453,0.2269253497814993,-1.9540683444682727,0.0,default
MSAGAT-Net.loggrowth.quant,nhs_timeseries,20,14,no_pprm,123,True,20260825_114249,10.819070685747043,6.30187185679505,17.064820113625615,15.033473417462629,0.8724563897313856,0.7038562612263932,,0.4724227587490017,-1.0299036776644706,0.5422901965951654,-0.6779109066006216,0.0,default
MSAGAT-Net.loggrowth.quant,nhs_timeseries,20,14,no_pprm,1000,True,20260825_114332,9.040672263286632,5.366297377671286,13.824111952162172,12.19985321652515,0.8632663183066425,0.7144647695658082,,0.6537760492189841,-0.3335707517843082,0.6548381947873568,-0.3201946569472026,0.0,default
EpiSIG-Net-V3,nhs_timeseries,20,14,none,1,True,20260204_220955,10.629790306091309,3.088024616241455,14.069752903919236,13.590102195739746,0.9642828702926636,0.9170387983322144,3.8223440412821226e-08,0.8781684041023254,0.7189152836799622,0.9134162664413452,0.8040561676025391,6.684138774871826,default
EpiSIG-Net-V3,nhs_timeseries,20,14,none,2,True,20260204_135304,11.235017776489258,4.924221038818359,17.425462950326544,15.892744064331056,0.9415631294250488,0.9023420214653016,3.305788709440094e-08,0.8131231069564819,0.6482364535331726,0.832490861415863,0.7082828283309937,5.75980806350708,default
EpiSIG-Net-V3,nhs_timeseries,20,14,none,3,True,20260204_135627,13.424700736999512,5.016070365905762,16.769173196008634,15.876267433166504,0.9295264482498168,0.890910804271698,5.7566207800618973e-08,0.8269345760345459,0.6389678716659546,0.8579879999160767,0.7410532832145691,13.646507263183594,default
EpiSIG-Net-V3,nhs_timeseries,20,14,none,4,True,20260204_135845,13.762731552124023,5.457125186920166,22.84876719014344,20.65804481506348,0.930353343486786,0.873493492603302,3.8203683772053416e-08,0.6786986589431763,0.3990020751953125,0.7182348966598511,0.4994048178195953,14.37073802947998,default
MSAGAT-Net,nhs_timeseries,20,14,none,5,True,20260410_160147,17.052942276000977,7.366798400878906,21.39519916053928,19.664295196533203,0.909692645072937,0.6283203363418579,,0.170693039894104,-2.65391206741333,0.6475677490234375,-0.0827211141586303,0.0,default
EpiSIG-Net-V3,nhs_timeseries,20,14,none,6,True,20260204_140257,10.583267211914062,5.540117263793945,16.732573140621557,14.870293617248535,0.9359245896339417,0.9033254384994508,2.9098606191269027e-08,0.8276892304420471,0.6814260482788086,0.8276932835578918,0.6921018958091736,8.154775619506836,default
EpiSIG-Net-V3,nhs_timeseries,20,14,none,7,True,20260204_140612,16.570663452148438,5.301525115966797,27.375312141485253,25.476865768432617,0.8952339887619019,0.8527449369430542,4.8855881118470286e-08,0.5387831330299377,0.0834936425089836,0.6362566351890564,0.3333329558372497,13.795863151550291,default
EpiSIG-Net-V3,nhs_timeseries,20,14,none,8,True,20260204_140800,10.949280738830566,5.125008583068848,16.361558362240917,15.028236389160156,0.9343754649162292,0.9141470789909364,3.0209061918640145e-08,0.8352458477020264,0.6716024279594421,0.8352770209312439,0.6923977732658386,10.058825492858888,default
EpiSIG-Net-V3,nhs_timeseries,20,14,none,9,True,20260204_140939,10.1188325881958,4.034639835357666,14.915799135238228,13.844888687133787,0.958080530166626,0.9199374914169312,3.215309973825242e-08,0.863075852394104,0.7299771904945374,0.8758602142333984,0.7724986672401428,8.546217918395996,default
EpiSIG-Net-V3,nhs_timeseries,20,14,none,10,True,20260204_141343,15.987131118774414,8.393985748291016,24.92581767402526,21.8503532409668,0.9103131294250488,0.8431442975997925,4.8247258632727614e-08,0.6176282167434692,0.3472209274768829,0.6869150400161743,0.5157365202903748,10.85483741760254,default
MSTAGAT-Net,nhs_timeseries,20,14,none,30,True,20260127_032336,30.239391326904297,18.5063419342041,36.71726393269418,31.83773803710937,0.8848063945770264,0.929016649723053,1.2438940188985725e-07,0.1702874898910522,-0.5343077778816223,0.7066241502761841,0.8438949584960938,8.264875411987305,default
MSAGAT-Net.loggrowth,nhs_timeseries,20,14,none,30,True,20260811_045500,6.846904754638672,1.6929292678833008,8.678797472791404,8.443896293640137,0.9309892654418944,0.6487733125686646,,0.8635411262512207,0.3152766823768616,0.8635484576225281,0.3170379102230072,0.0,default
MSAGAT-Net,nhs_timeseries,20,14,none,30,True,20260811_091411,8.428483963012695,2.2778358459472656,10.52373292957158,10.184762001037598,0.918915629386902,0.6000076532363892,,0.7993577718734741,-0.0049062967300415,0.8362325429916382,0.2358906269073486,0.0,default
MSAGAT-Net.loggrowth.quant,nhs_timeseries,20,14,none,30,True,20260814_032349,13.219114951153136,7.120861432848576,20.93057068582755,18.63184798100156,0.8792526304040316,0.7054521114604162,,0.2063212309431845,-2.118631295539213,0.3866923023509079,-1.2234923254876016,0.0,default
MSAGAT-Net.loggrowth.quant.attnfix,nhs_timeseries,20,14,none,30,True,20260819_014305,10.804888832454957,5.641157418872677,15.902509130564397,14.247064737860654,0.9199602401204848,0.7255979824878118,,0.5418434174927962,-0.8253714978395662,0.6714505525475929,-0.1799897547676073,0.0,default
MSAGAT-Net.loggrowth.quant.exp-nodecay-regpre,nhs_timeseries,20,14,none,30,True,20260819_080603,7.1708578327514605,3.6473943892448935,10.395561032654598,9.460316095373171,0.9093730917235816,0.7322720577229564,,0.8042154178928447,0.1795754733980517,0.8042995030025365,0.1869162103665406,0.0,default
MSAGAT-Net.loggrowth.quant.exp-nodecay-regpre-reniter.renewal7,nhs_timeseries,20,14,none,30,True,20260820_150929,8.426072399852186,3.2228389055849807,11.73520977401962,10.989660245130574,0.8906029421146997,0.7045107829791956,,0.7505035687273821,-0.1697799348240127,0.7608680696053792,-0.0116624282968541,0.0,default
MSAGAT-Net.loggrowth.quant.exp-nodecay-regpre-reniter-giunif.renewal7,nhs_timeseries,20,14,none,30,True,20260820_151745,7.43612899370224,4.487083093261863,10.648348254070251,9.43114218128218,0.8969324702976851,0.7105038810726004,,0.7945779230048934,0.1798986239526958,0.804251694331528,0.3097523399906025,0.0,default
MSAGAT-Net.loggrowth.quant.exp-nodecay-regpre-reniter.renewal7.gifix5.2-1.72,nhs_timeseries,20,14,none,30,True,20260820_152556,8.546037834592562,4.273991066233935,11.999847490862596,11.11287669655236,0.8675118291121483,0.6939143143347765,,0.7391240302587623,-0.1492197499144064,0.7413435257739386,-0.0113889823439048,0.0,default
MSAGAT-Net.loggrowth,nhs_timeseries,20,14,none,42,True,20260811_045416,7.482528686523437,1.9434953927993768,9.333391961413122,9.024115562438965,0.9221044778823853,0.5947694182395935,,0.8421801328659058,0.2230105847120285,0.8436928391456604,0.2316935956478119,0.0,default
MSAGAT-Net,nhs_timeseries,20,14,none,42,True,20260811_091400,10.378064155578612,2.8886590003967285,13.9298835779105,13.51004695892334,0.8685764074325562,0.5961803197860718,,0.6484576463699341,-0.7446133494377136,0.6885578632354736,-0.4901832044124603,0.0,default
MSAGAT-Net.loggrowth.quant,nhs_timeseries,20,14,none,42,True,20260814_032401,8.597581369298416,2.7199153997891274,10.719046167735227,10.214597090542696,0.9226102322632612,0.5969716556057101,,0.7918411373305658,0.0284805347508508,0.8202538598586543,0.1703125528928351,0.0,default
MSAGAT-Net.loggrowth.quant.attnfix,nhs_timeseries,20,14,none,42,True,20260819_014212,7.332474892223157,1.906642680081759,9.146736105696812,8.85726223972313,0.9254428231421078,0.6151746670985874,,0.8484294166409805,0.2504204879215107,0.8498826172526537,0.2586645084812784,0.0,default
MSAGAT-Net.loggrowth.quant.exp-nodecay-regpre,nhs_timeseries,20,14,none,42,True,20260819_020805,14.91497837845459,7.956634318526528,22.544669943902694,20.18717144884334,0.8734585213754558,0.7247296251906615,,0.0791892378169747,-2.6529842061803524,0.3066989568571915,-1.5276973919758408,0.0,default
MSAGAT-Net.loggrowth.quant.exp-nodecay-regpre-temp,nhs_timeseries,20,14,none,42,True,20260819_024202,10.697345805425028,5.213788857092121,15.034447347312,13.657936763366267,0.9228228428241844,0.7079888834686047,,0.5904965543799066,-0.6854231745079487,0.7122441597176586,-0.0818181343836151,0.0,default
MSAGAT-Net.loggrowth.quant.exp-nodecay-regpre-init10,nhs_timeseries,20,14,none,42,True,20260819_025040,10.498144168284828,4.81812684404113,14.870792381676516,13.620290003224117,0.887390151089201,0.6902156031016782,,0.5993631948513936,-0.6996994425296885,0.6551388707605945,-0.4042094929550389,0.0,default
MSAGAT-Net.loggrowth.quant.exp-nodecay-regpre-lrx10,nhs_timeseries,20,14,none,42,True,20260819_065816,9.722048379903018,4.883328118213037,14.392527063150215,12.99925821051408,0.8834007022749075,0.717073803421908,,0.6247188654251414,-0.5230060163204512,0.6424054634451704,-0.4321955735297571,0.0,default
MSAGAT-Net.loggrowth.quant.exp-nodecay-regpre-adjstd,nhs_timeseries,20,14,none,42,True,20260819_070932,8.247613170721582,2.875171686154496,10.394622552550048,9.899988830989528,0.9266130076684314,0.6347419159471971,,0.8042507659882024,0.0900172363453854,0.8259765093115121,0.2054359758518676,0.0,default
MSAGAT-Net.loggrowth.quant.exp-nodecay-regpre-scorenorm,nhs_timeseries,20,14,none,42,True,20260819_071655,15.20669134335811,8.206252306747647,22.61481024987301,20.136978244036023,0.8778454809349839,0.7192412837639142,,0.0734507268783353,-2.621280957849709,0.346878768378973,-1.2580665900588486,0.0,default
MSAGAT-Net.loggrowth.quant.exp-nodecay-regpre-multgate,nhs_timeseries,20,14,none,42,True,20260819_072503,7.306744177105516,2.959602611991622,10.172717034489718,9.54584046855952,0.9154815930584318,0.6993372587494496,,0.8125193062227104,0.1611206527861096,0.8378957437772754,0.2973910443307514,0.0,default
MSAGAT-Net.loggrowth.quant.exp-nodecay-regpre-rank2,nhs_timeseries,20,14,none,42,True,20260819_073151,6.72198223006887,1.8656784063937173,8.737033477529582,8.48096891040371,0.9304190265289904,0.704667779561828,,0.8617036802843606,0.3091045331331833,0.862253345539698,0.3162554712044193,0.0,default
MSAGAT-Net.loggrowth.quant.exp-nodecay-regpre-rank16,nhs_timeseries,20,14,none,42,True,20260819_073710,7.152663392489754,3.2999605929408524,10.25744896825018,9.47532572600042,0.9099697767147792,0.7164713449990389,,0.8093831214856568,0.1685300193492886,0.8096774909773824,0.1746545271546141,0.0,default
MSAGAT-Net.loggrowth.quant.exp-nodecay-regpre-adjstd-lrx10,nhs_timeseries,20,14,none,42,True,20260819_074340,9.138243533902804,3.554509049698332,13.078078565878911,12.272673314912751,0.8857883259090873,0.7015935855201391,,0.6901364390461305,-0.3875566493217967,0.70012844471105,-0.3310844046581051,0.0,default
MSAGAT-Net.loggrowth.quant.exp-nodecay-regent,nhs_timeseries,20,14,none,42,True,20260819_074911,10.976202877112035,5.225882135673251,16.215133351996354,14.863298630527112,0.8970705473221611,0.7062475395168457,,0.5236527386676243,-1.0028333312844746,0.6104595918789231,-0.5737889343853481,0.0,default
MSAGAT-Net.loggrowth.quant.exp-nodecay-regpre.renewal,nhs_timeseries,20,14,none,42,True,20260819_111354,6.84705838092498,2.738284418052201,9.6368172338573,9.0530924283483,0.913684169070051,0.6879429737838042,,0.831752016263537,0.216773372519848,0.8317638826663483,0.2416522155930873,0.0,default
MSAGAT-Net.loggrowth.quant.exp-nodecay-regpre-renewal_lag0.renewal,nhs_timeseries,20,14,none,42,True,20260819_112325,8.443121750879934,3.2019092263298,11.840875774733918,11.221410583820594,0.9075896212594856,0.6876188964733174,,0.745990316631068,-0.1966286591466593,0.7723837638466617,-0.046647032576716,0.0,default
MSAGAT-Net.loggrowth.quant.exp-nodecay-regpre.renewal7,nhs_timeseries,20,14,none,42,True,20260819_113343,9.641792405679144,3.954036247655,13.887050339657527,13.05541722410515,0.8757736817791488,0.6594395246366528,,0.6506162973662801,-0.6012194363129064,0.6682383270244673,-0.4955049253770996,0.0,default
MSAGAT-Net.loggrowth.quant.exp-nodecay-regpre.renewal21,nhs_timeseries,20,14,none,42,True,20260819_114304,6.784699560496109,2.7780352034385247,9.515217194604729,8.922084674882603,0.9164340667469396,0.6973043423195711,,0.8359712273373501,0.2540466177461352,0.8387487020051345,0.2868495520586563,0.0,default
MSAGAT-Net.loggrowth.quant.exp-nodecay-regpre-renewres-renewal_lag0.renewal7,nhs_timeseries,20,14,none,42,True,20260819_115455,8.841669446120525,3.32663734242303,12.556115021532678,11.9075134915158,0.8843029668500398,0.6747867533436697,,0.7143769882224065,-0.3374296787537174,0.72000848604056,-0.2911680849679828,0.0,default
MSAGAT-Net.loggrowth.quant.exp-nodecay-regpre-renewres.renewal7,nhs_timeseries,20,14,none,42,True,20260819_120207,8.245264768648033,3.1285824618426967,11.311930029807712,10.7320082314577,0.8851214638950319,0.6643739242670126,,0.7681772551719952,-0.0887850737442768,0.7685218837738499,-0.0536817805170284,0.0,default
MSAGAT-Net.loggrowth.quant.exp-nodecay-regpre-reniter.renewal7,nhs_timeseries,20,14,none,42,True,20260820_022311,11.311853593621176,5.279189706158434,18.10250482067499,16.620341209545398,0.8353524602337514,0.6331289688668111,,0.4063096812016146,-1.6549175953153004,0.4455971856470589,-1.3665079204276256,0.0,default
MSAGAT-Net.loggrowth.quant.exp-nodecay-regpre-reniter.renewal14,nhs_timeseries,20,14,none,42,True,20260820_040843,7.736349084381095,2.464769363851897,10.848050315984892,10.427135539857314,0.8934385634557012,0.6594427680266934,,0.786800586713168,-0.0779008622610976,0.7873116731520586,0.0209748277276106,0.0,default
MSAGAT-Net.loggrowth.quant.exp-nodecay-regpre-reniter-renewres.renewal7,nhs_timeseries,20,14,none,42,True,20260820_041916,11.342845920030346,4.367316070863044,16.814450327960262,15.783457489007192,0.8588741924310384,0.6986356502092589,,0.4877900948749842,-1.3488877740605705,0.5667648489257011,-0.8792098218970292,0.0,default
MSAGAT-Net.loggrowth.quant.exp-nodecay-regpre-reniter-giunif.renewal7,nhs_timeseries,20,14,none,42,True,20260820_092609,11.681420856205255,5.351983254692124,18.761075582301096,17.112152659553832,0.8328088559325726,0.6349398175052973,,0.3623269106271785,-1.7382757591046434,0.4179625822146992,-1.385927308041073,0.0,default
MSAGAT-Net.loggrowth.quant.exp-nodecay-regpre-reniter.renewal7.gifix5.2-1.72,nhs_timeseries,20,14,none,42,True,20260820_102943,9.517405552428338,3.5913533958946187,13.590095930473463,12.92025325253295,0.8822573285045734,0.6238982245038764,,0.6653986659617384,-0.6101122273050662,0.6975007539082432,-0.360684572029391,0.0,default
MSTAGAT-Net,nhs_timeseries,20,14,none,45,True,20260127_032401,21.57449531555176,12.074012756347656,30.61701904935799,27.28013610839844,0.8728458881378174,0.8933681845664978,6.554485310061865e-08,0.4230836629867553,-0.1572312265634536,0.5744491815567017,0.5169473886489868,6.341709613800049,default
MSAGAT-Net.loggrowth,nhs_timeseries,20,14,none,45,True,20260811_045544,7.723505020141602,1.992944359779358,9.630876208855192,9.309568405151367,0.9198230504989624,0.5921621918678284,,0.8319593667984009,0.1733794063329696,0.8351277709007263,0.1914569586515426,0.0,default
MSAGAT-Net,nhs_timeseries,20,14,none,45,True,20260811_091423,9.090142250061035,2.633607625961304,11.230616507180168,10.7328519821167,0.9149059057235718,0.5414072871208191,,0.7714980840682983,-0.1422963291406631,0.832604706287384,0.2894351482391357,0.0,default
MSAGAT-Net.loggrowth.quant,nhs_timeseries,20,14,none,45,True,20260814_032412,10.303908776447283,4.752487564049458,15.532974311921947,14.26909520752167,0.8958125265074363,0.6864004316402248,,0.5628888634154972,-0.8491986963139827,0.6389810003390659,-0.4724212372208179,0.0,default
MSAGAT-Net.loggrowth.quant.attnfix,nhs_timeseries,20,14,none,45,True,20260819_014345,7.679587576023978,2.883534568192053,10.581360680978817,10.03008159056996,0.911049831260474,0.6958632863884215,,0.797154368190814,0.0634304754203846,0.7982292268444716,0.0717493892630625,0.0,default
MSAGAT-Net.loggrowth.quant.exp-nodecay-regpre,nhs_timeseries,20,14,none,45,True,20260819_080701,7.93632885659112,4.0567555679288745,11.614812743880494,10.595702990294413,0.8991076152476822,0.7257090859529914,,0.7555967097492858,-0.0349592103828554,0.7581413978005027,-0.0144352393098726,0.0,default
MSAGAT-Net.loggrowth.quant.exp-nodecay-regpre-reniter.renewal7,nhs_timeseries,20,14,none,45,True,20260820_151224,9.800372515548636,6.005986055546432,15.280677852742636,13.187509882483232,0.8642337988421309,0.7003268430859508,,0.576973218145314,-0.5793816067700784,0.595589961577888,-0.4526132254527662,0.0,default
MSAGAT-Net.loggrowth.quant.exp-nodecay-regpre-reniter-giunif.renewal7,nhs_timeseries,20,14,none,45,True,20260820_152016,9.033103487963498,4.665224290199817,12.94413611739592,11.749326626208072,0.8852730775213233,0.6996909478165588,,0.6964510283920122,-0.3010671926131624,0.7081974958565932,-0.1648024570433719,0.0,default
MSAGAT-Net.loggrowth.quant.exp-nodecay-regpre-reniter.renewal7.gifix5.2-1.72,nhs_timeseries,20,14,none,45,True,20260820_152846,8.926965984694975,4.65136310316269,13.06254000366351,11.890775383198784,0.8626769488731422,0.6574717388870731,,0.6908723229685523,-0.3112734193772241,0.6909127237894692,-0.2624364252456498,0.0,default
MSTAGAT-Net,nhs_timeseries,20,14,none,123,True,20260127_032420,27.4577865600586,17.26079559326172,35.058558713422606,30.661954879760746,0.8667344450950623,0.8892226815223694,9.741373219185334e-08,0.2435588836669922,-0.6348913908004761,0.6226770877838135,0.7197192311286926,7.3780107498168945,default
MSAGAT-Net,nhs_timeseries,20,14,none,123,True,20260811_091434,10.009427070617676,2.647399425506592,12.30076078217573,11.883082389831545,0.915745198726654,0.5573984980583191,,0.7258762717247009,-0.4068415462970733,0.8323482871055603,0.2433119863271713,0.0,default
MSAGAT-Net.loggrowth.quant,nhs_timeseries,20,14,none,123,True,20260814_032334,7.453221461388557,3.852941308512614,11.529845133423876,10.337307626527831,0.8953036027800354,0.7130862980432908,,0.7591594716024281,0.038715036510684,0.7604650640817577,0.0499330143122643,0.0,default
MSAGAT-Net.loggrowth.quant.attnfix,nhs_timeseries,20,14,none,123,True,20260819_014507,6.655134615713562,3.0637853755226976,9.407500029466132,8.711574128315865,0.9254768465522344,0.7647930305393931,,0.8396639869568514,0.2942787834156271,0.8398543915863086,0.3078286605666803,0.0,default
MSAGAT-Net.loggrowth.quant.exp-nodecay-regpre,nhs_timeseries,20,14,none,123,True,20260819_080843,7.548214248962052,3.843368852392836,11.37888286763514,10.404554747652838,0.9048842702058624,0.7336820825269876,,0.7654249177966452,0.0132854930687929,0.7696204838064107,0.047799368649774,0.0,default
MSAGAT-Net.loggrowth.quant.exp-nodecay-regpre-reniter.renewal7,nhs_timeseries,20,14,none,123,True,20260820_151424,8.526544168151482,3.90339076023013,12.32588881697882,11.396494203215411,0.8696885728105024,0.690615642797559,,0.7247552048127879,-0.2179327019043439,0.7248191660680992,-0.1531553827855312,0.0,default
MSAGAT-Net.loggrowth.quant.exp-nodecay-regpre-reniter-giunif.renewal7,nhs_timeseries,20,14,none,123,True,20260820_152153,6.866016321960489,2.757011357380955,9.482268463421054,8.890364227789114,0.9152714505781264,0.7214764859553721,,0.837105238798345,0.2209674843473955,0.837296851317885,0.3172361958467878,0.0,default
MSAGAT-Net.loggrowth.quant.exp-nodecay-regpre-reniter.renewal7.gifix5.2-1.72,nhs_timeseries,20,14,none,123,True,20260820_153119,7.177100802504912,3.754758015313223,10.375254405515918,9.367296068827333,0.8992467927045265,0.7021015812517993,,0.8049795597063674,0.1969935136995341,0.8050775378026079,0.266707698624258,0.0,default
MSTAGAT-Net,nhs_timeseries,20,14,none,1000,True,20260127_032439,20.43122100830078,10.85849666595459,28.75983506199173,25.70524024963379,0.8613250851631165,0.8900429606437683,5.42844524886732e-08,0.4909507632255554,-0.0021374565549194,0.551559329032898,0.485369473695755,9.514543533325195,default
MSAGAT-Net,nhs_timeseries,20,14,none,1000,True,20260811_091445,7.829011917114258,2.1886181831359863,10.009749809438723,9.676125526428224,0.9277048110961914,0.6533599495887756,,0.8184780478477478,0.0983802154660224,0.8523418307304382,0.3064461052417755,0.0,default
MSAGAT-Net.loggrowth.quant,nhs_timeseries,20,14,none,1000,True,20260814_032323,8.411079468626264,4.0460345525237695,12.775766142075264,11.475246999513995,0.8877540160119026,0.6657443952418578,,0.7042964553876849,-0.1972924186989108,0.7142838301770656,-0.1451348420183504,0.0,default
MSAGAT-Net.loggrowth.quant.attnfix,nhs_timeseries,20,14,none,1000,True,20260819_014607,8.003490014401608,2.9299896278801936,10.942664401262803,10.26142283260816,0.9138123557874822,0.6804375422824915,,0.7830654208362763,0.02879044648072,0.7966961429562182,0.1026040122942248,0.0,default
MSAGAT-Net.loggrowth.quant.exp-nodecay-regpre,nhs_timeseries,20,14,none,1000,True,20260819_080937,8.041106192711727,3.219773097941606,11.60231910397038,10.7748214884648,0.9000532752183278,0.6840625060255555,,0.7561222187704219,-0.0697376326382759,0.7633564120706984,-0.0251006389153074,0.0,default
MSAGAT-Net.loggrowth.quant.exp-nodecay-regpre-reniter.renewal7,nhs_timeseries,20,14,none,1000,True,20260820_151615,10.730998060414056,5.623116550710224,15.3523167189669,13.720861834206676,0.8737926195808957,0.6553144511856875,,0.5729974524570411,-0.7498148680868287,0.6633401201833193,-0.2366193546513477,0.0,default
MSAGAT-Net.loggrowth.quant.exp-nodecay-regpre-reniter-giunif.renewal7,nhs_timeseries,20,14,none,1000,True,20260820_152409,10.441510968510856,6.284387430360088,15.812755216178484,13.609150180378457,0.84659293965844,0.6469464785053175,,0.5470005032969376,-0.7167055934901263,0.584912202001022,-0.4659290673992177,0.0,default
MSAGAT-Net.loggrowth.quant.exp-nodecay-regpre-reniter.renewal7.gifix5.2-1.72,nhs_timeseries,20,14,none,1000,True,20260820_153346,8.479126652858776,4.023305055927335,12.399433706473609,11.158233952063188,0.8840233887318842,0.6842876725554612,,0.7214607990534327,-0.1726953763709679,0.7349724734524752,-0.0454811678152916,0.0,default
