code,name,lat,lon
S12000033,Aberdeen City,57.16697,-2.20398
S12000034,Aberdeenshire,57.23469,-2.79208
E07000223,Adur,50.84572,-0.32417
E07000026,Allerdale,54.68524,-3.2809
E07000032,Amber Valley,53.02884,-1.46219
S12000041,Angus,56.72518,-2.8921
N09000001,Antrim and Newtownabbey,54.69386,-6.1776
N09000011,Ards and North Down,54.56409,-5.64568
S12000035,Argyll and Bute,56.28944,-5.22114
N09000002,"Armagh City, Banbridge and Craigavon",54.3867,-6.43455
E07000224,Arun,50.84321,-0.64999
E07000170,Ashfield,53.09747,-1.25422
E07000105,Ashford,51.13096,0.823374
E07000200,Babergh,52.0645,0.916149
E09000002,Barking and Dagenham,51.54555,0.129479
E09000003,Barnet,51.61107,-0.21819
E08000016,Barnsley,53.52577,-1.54925
E07000027,Barrow-in-Furness,54.15731,-3.1999
E07000066,Basildon,51.59036,0.475055
E07000084,Basingstoke and Deane,51.25937,-1.22021
E07000171,Bassetlaw,53.35604,-0.9787
E06000022,Bath and North East Somerset,51.35604,-2.48654
E06000055,Bedford,52.19628,-0.45463
N09000003,Belfast,54.59853,-5.92535
E09000004,Bexley,51.45822,0.146212
E08000025,Birmingham,52.48404,-1.88141
E07000129,Blaby,52.57706,-1.19887
E06000008,Blackburn with Darwen,53.7008,-2.4636
E06000009,Blackpool,53.82164,-3.02199
W06000019,Blaenau Gwent,51.75364,-3.18592
E07000033,Bolsover,53.23875,-1.27228
E08000001,Bolton,53.58449,-2.47952
E07000136,Boston,52.97794,-0.11218
E06000058,"Bournemouth, Christchurch and Poole",50.74609,-1.84807
E06000036,Bracknell Forest,51.4113,-0.73363
E08000032,Bradford,53.84382,-1.87389
E07000067,Braintree,51.91634,0.575911
E07000143,Breckland,52.59421,0.818716
E09000005,Brent,51.56438,-0.27568
E07000068,Brentwood,51.64108,0.290091
W06000013,Bridgend,51.5606,-3.61375
E06000043,Brighton and Hove,50.8465,-0.15079
E06000023,"Bristol, City of",51.47115,-2.57742
E07000144,Broadland,52.69622,1.252317
E09000006,Bromley,51.37266,0.039246
E07000234,Bromsgrove,52.36169,-2.00376
E07000095,Broxbourne,51.7208,-0.05073
E07000172,Broxtowe,52.9721,-1.25944
E06000060,Buckinghamshire,51.76966,-0.80569
E07000117,Burnley,53.77406,-2.2308
E08000002,Bury,53.5931,-2.3088
W06000018,Caerphilly,51.65001,-3.19753
E08000033,Calderdale,53.72048,-1.96182
E07000008,Cambridge,52.20017,0.126436
E09000007,Camden,51.54305,-0.16291
E07000192,Cannock Chase,52.70166,-1.98277
E07000106,Canterbury,51.28102,1.096342
W06000015,Cardiff,51.50254,-3.22209
E07000028,Carlisle,54.97833,-2.80498
W06000010,Carmarthenshire,51.89495,-4.2111
E07000069,Castle Point,51.56159,0.588084
N09000004,Causeway Coast and Glens,55.03962,-6.5996
E06000056,Central Bedfordshire,51.99903,-0.47754
W06000008,Ceredigion,52.29795,-3.94993
E07000130,Charnwood,52.7399,-1.13694
E07000070,Chelmsford,51.73503,0.491177
E07000078,Cheltenham,51.89861,-2.07515
E07000177,Cherwell,51.8872,-1.28506
E06000049,Cheshire East,53.16793,-2.29299
E06000050,Cheshire West and Chester,53.16336,-2.70298
E07000034,Chesterfield,53.25575,-1.40115
E07000225,Chichester,50.94177,-0.7163
E07000118,Chorley,53.6724,-2.61921
S12000036,City of Edinburgh,55.9112,-3.27826
S12000005,Clackmannanshire,56.14784,-3.75316
E07000071,Colchester,51.87702,0.859777
W06000003,Conwy,53.14739,-3.74646
E07000029,Copeland,54.46617,-3.37664
E06000052,Cornwall,50.45022,-4.64254
E07000079,Cotswold,51.77255,-1.97059
E06000047,County Durham,54.68513,-1.8405
E08000026,Coventry,52.41423,-1.51908
E07000163,Craven,54.05376,-2.16168
E07000226,Crawley,51.12357,-0.19533
E09000008,Croydon,51.36597,-0.07761
E07000096,Dacorum,51.76845,-0.55098
E06000005,Darlington,54.53534,-1.56835
E07000107,Dartford,51.43373,0.245276
W06000004,Denbighshire,53.08833,-3.34761
E06000015,Derby,52.91464,-1.47189
E07000035,Derbyshire Dales,53.12326,-1.70711
N09000005,Derry City and Strabane,54.80904,-7.42064
E08000017,Doncaster,53.52697,-1.10894
E06000059,Dorset,50.79697,-2.41467
E07000108,Dover,51.21176,1.276887
E08000027,Dudley,52.49513,-2.10171
S12000006,Dumfries and Galloway,55.09621,-4.02863
S12000042,Dundee City,56.4776,-2.97095
E09000009,Ealing,51.52442,-0.3141
S12000008,East Ayrshire,55.49674,-4.29057
E07000009,East Cambridgeshire,52.35788,0.283149
E07000040,East Devon,50.7576,-3.22359
S12000045,East Dunbartonshire,55.95829,-4.22417
E07000085,East Hampshire,51.05765,-0.93971
E07000242,East Hertfordshire,51.86485,0.002739
E07000137,East Lindsey,53.26446,0.020516
S12000010,East Lothian,55.94207,-2.72435
S12000011,East Renfrewshire,55.74868,-4.3606
E06000011,East Riding of Yorkshire,53.88112,-0.66195
E07000193,East Staffordshire,52.83651,-1.81438
E07000244,East Suffolk,52.24399,1.456186
E07000061,Eastbourne,50.77387,0.258516
E07000086,Eastleigh,50.94872,-1.32943
E07000030,Eden,54.63107,-2.62678
E07000207,Elmbridge,51.36098,-0.39441
E09000010,Enfield,51.64889,-0.08144
E07000072,Epping Forest,51.71279,0.154147
E07000208,Epsom and Ewell,51.33945,-0.26172
E07000036,Erewash,52.9382,-1.3509
E07000041,Exeter,50.71782,-3.51368
S12000014,Falkirk,56.00075,-3.83619
E07000087,Fareham,50.85388,-1.23742
E07000010,Fenland,52.53544,0.009016
N09000006,Fermanagh and Omagh,54.38521,-7.5271
S12000047,Fife,56.23112,-2.98251
W06000005,Flintshire,53.21471,-3.18248
E07000112,Folkestone and Hythe,51.07213,1.000795
E07000080,Forest of Dean,51.81249,-2.47755
E07000119,Fylde,53.79709,-2.91914
E08000037,Gateshead,54.93115,-1.68694
E07000173,Gedling,53.02434,-1.11907
S12000049,Glasgow City,55.87649,-4.21479
E07000081,Gloucester,51.84641,-2.23263
E07000088,Gosport,50.80636,-1.16731
E07000109,Gravesham,51.39649,0.398744
E07000145,Great Yarmouth,52.68439,1.64951
E09000011,Greenwich,51.46394,0.050093
E07000209,Guildford,51.25366,-0.56257
W06000002,Gwynedd,52.89883,-3.77715
E09000012,Hackney,51.55492,-0.06045
E06000006,Halton,53.33424,-2.68853
E07000164,Hambleton,54.30872,-1.34049
E09000013,Hammersmith and Fulham,51.48733,-0.21735
E07000131,Harborough,52.53766,-0.90229
E09000014,Haringey,51.58771,-0.1067
E07000073,Harlow,51.76614,0.103888
E07000165,Harrogate,54.07708,-1.58161
E09000015,Harrow,51.59467,-0.33598
E07000089,Hart,51.28197,-0.88321
E06000001,Hartlepool,54.67614,-1.27018
E07000062,Hastings,50.86724,0.578395
E07000090,Havant,50.87231,-1.00398
E09000016,Havering,51.56519,0.235368
E06000019,"Herefordshire, County of",52.08154,-2.73931
E07000098,Hertsmere,51.68017,-0.26899
E07000037,High Peak,53.38569,-1.84398
S12000017,Highland,57.58657,-4.66103
E09000017,Hillingdon,51.53664,-0.44182
E07000132,Hinckley and Bosworth,52.60877,-1.41755
E07000227,Horsham,51.00272,-0.38126
E09000018,Hounslow,51.46238,-0.37855
E07000011,Huntingdonshire,52.35315,-0.2247
E07000120,Hyndburn,53.75648,-2.38964
S12000018,Inverclyde,55.9003,-4.75387
E07000202,Ipswich,52.05592,1.166145
W06000001,Isle of Anglesey,53.27931,-4.32298
E06000046,Isle of Wight,50.67129,-1.33366
E09000019,Islington,51.54546,-0.10989
E09000020,Kensington and Chelsea,51.49648,-0.18977
E07000146,King's Lynn and West Norfolk,52.71283,0.533243
E06000010,"Kingston upon Hull, City of",53.7692,-0.30382
E09000021,Kingston upon Thames,51.39296,-0.28367
E08000034,Kirklees,53.64233,-1.78085
E08000011,Knowsley,53.43788,-2.83297
E09000022,Lambeth,51.46445,-0.11385
E07000121,Lancaster,54.07901,-2.6603
E08000035,Leeds,53.82273,-1.50736
E06000016,Leicester,52.63592,-1.1304
E07000063,Lewes,50.83341,0.007671
E09000023,Lewisham,51.4423,-0.01734
E07000194,Lichfield,52.69615,-1.76049
E07000138,Lincoln,53.21921,-0.55848
N09000007,Lisburn and Castlereagh,54.49752,-6.03545
E08000012,Liverpool,53.4083,-2.91364
E06000032,Luton,51.89102,-0.42319
E07000110,Maidstone,51.23566,0.584061
E07000074,Maldon,51.77458,0.773106
E07000235,Malvern Hills,52.16758,-2.33089
E08000003,Manchester,53.47009,-2.23359
E07000174,Mansfield,53.16703,-1.17804
E06000035,Medway,51.44772,0.563174
E07000133,Melton,52.80329,-0.8544
E07000187,Mendip,51.19476,-2.54178
W06000024,Merthyr Tydfil,51.74858,-3.36425
E09000024,Merton,51.41058,-0.18868
E07000042,Mid Devon,50.86882,-3.59212
E07000203,Mid Suffolk,52.21859,1.096953
E07000228,Mid Sussex,51.05953,-0.10272
N09000009,Mid Ulster,54.55273,-6.8889
N09000008,Mid and East Antrim,54.86462,-6.14645
E06000002,Middlesbrough,54.54467,-1.21099
S12000019,Midlothian,55.82111,-3.11738
E06000042,Milton Keynes,52.07241,-0.7407
E07000210,Mole Valley,51.22749,-0.30603
W06000021,Monmouthshire,51.77827,-2.9028
S12000020,Moray,57.4768,-3.20202
S12000013,Na h-Eileanan Siar,58.19938,-6.65722
W06000012,Neath Port Talbot,51.6445,-3.74638
E07000091,New Forest,50.85748,-1.59293
E07000175,Newark and Sherwood,53.1096,-0.94643
E08000021,Newcastle upon Tyne,55.021,-1.65297
E07000195,Newcastle-under-Lyme,53.00345,-2.32631
E09000025,Newham,51.53149,0.027261
W06000022,Newport,51.58231,-2.89769
N09000010,"Newry, Mourne and Down",54.14953,-6.08891
S12000021,North Ayrshire,55.72789,-4.7246
E07000043,North Devon,51.07621,-3.92691
E07000038,North East Derbyshire,53.16243,-1.44253
E06000012,North East Lincolnshire,53.52327,-0.13911
E07000099,North Hertfordshire,51.95738,-0.22314
E07000139,North Kesteven,53.08058,-0.4767
S12000050,North Lanarkshire,55.86814,-3.9514
E06000013,North Lincolnshire,53.58643,-0.52407
E07000147,North Norfolk,52.83389,1.132099
E06000061,North Northamptonshire,52.42546,-0.62504
E06000024,North Somerset,51.39706,-2.75438
E08000022,North Tyneside,55.02896,-1.50923
E07000218,North Warwickshire,52.56484,-1.6242
E07000134,North West Leicestershire,52.7425,-1.42209
E06000057,Northumberland,55.30037,-2.07523
E07000148,Norwich,52.64013,1.284979
E06000018,Nottingham,52.95419,-1.16667
E07000219,Nuneaton and Bedworth,52.50094,-1.47965
E07000135,Oadby and Wigston,52.58875,-1.093
E08000004,Oldham,53.55768,-2.05274
S12000023,Orkney Islands,58.94334,-2.90025
E07000178,Oxford,51.75357,-1.24405
W06000009,Pembrokeshire,51.85513,-4.90818
E07000122,Pendle,53.88636,-2.18957
S12000048,Perth and Kinross,56.57528,-3.88484
E06000031,Peterborough,52.59214,-0.26874
E06000026,Plymouth,50.40494,-4.11297
E06000044,Portsmouth,50.808,-1.07006
W06000023,Powys,52.34864,-3.43531
E07000123,Preston,53.82202,-2.71809
E06000038,Reading,51.45302,-0.99071
E09000026,Redbridge,51.58588,0.070085
E06000003,Redcar and Cleveland,54.56752,-1.00608
E07000236,Redditch,52.28541,-1.9471
E07000211,Reigate and Banstead,51.25846,-0.19871
S12000038,Renfrewshire,55.84862,-4.56834
W06000016,Rhondda Cynon Taf,51.62185,-3.41359
E07000124,Ribble Valley,53.9245,-2.4174
E09000027,Richmond upon Thames,51.44035,-0.28914
E07000166,Richmondshire,54.35761,-1.98552
E08000005,Rochdale,53.60741,-2.14784
E07000075,Rochford,51.5909,0.683442
E07000125,Rossendale,53.68478,-2.26149
E07000064,Rother,50.94871,0.542937
E08000018,Rotherham,53.39553,-1.28651
E07000220,Rugby,52.38228,-1.31828
E07000212,Runnymede,51.39273,-0.53855
E07000176,Rushcliffe,52.9124,-1.01097
E07000092,Rushmoor,51.27815,-0.76807
E06000017,Rutland,52.66765,-0.6263
E07000167,Ryedale,54.20021,-0.84277
E08000006,Salford,53.47927,-2.38485
E08000028,Sandwell,52.51477,-2.00771
E07000168,Scarborough,54.3465,-0.52778
S12000026,Scottish Borders,55.52595,-2.85869
E07000188,Sedgemoor,51.19186,-2.88246
E08000014,Sefton,53.4821,-2.99177
E07000169,Selby,53.73327,-1.12908
E07000111,Sevenoaks,51.27563,0.188936
E08000019,Sheffield,53.40358,-1.54254
S12000027,Shetland Islands,60.50495,-1.37344
E06000051,Shropshire,52.62212,-2.73667
E06000039,Slough,51.5035,-0.57617
E08000029,Solihull,52.431,-1.71558
E07000246,Somerset West and Taunton,51.06348,-3.35766
S12000028,South Ayrshire,55.23008,-4.72899
E07000012,South Cambridgeshire,52.10805,0.091017
E07000039,South Derbyshire,52.8249,-1.5348
E06000025,South Gloucestershire,51.54673,-2.46922
E07000044,South Hams,50.37195,-3.81996
E07000140,South Holland,52.78758,-0.03057
E07000141,South Kesteven,52.84885,-0.49565
E07000031,South Lakeland,54.29908,-2.78108
S12000029,South Lanarkshire,55.60453,-3.83272
E07000149,South Norfolk,52.51218,1.373233
E07000179,South Oxfordshire,51.62288,-1.07847
E07000126,South Ribble,53.72675,-2.72871
E07000189,South Somerset,50.98399,-2.77588
E07000196,South Staffordshire,52.69692,-2.15495
E08000023,South Tyneside,54.96988,-1.44679
E06000045,Southampton,50.9212,-1.39952
E06000033,Southend-on-Sea,51.54917,0.706923
E09000028,Southwark,51.46594,-0.07308
E07000213,Spelthorne,51.41552,-0.46254
E07000240,St Albans,51.77356,-0.3407
E08000013,St. Helens,53.45862,-2.7031
E07000197,Stafford,52.84792,-2.16475
E07000198,Staffordshire Moorlands,53.06924,-1.99334
E07000243,Stevenage,51.90539,-0.18987
S12000030,Stirling,56.24953,-4.32595
E08000007,Stockport,53.39116,-2.12467
E06000004,Stockton-on-Tees,54.55691,-1.30664
E06000021,Stoke-on-Trent,53.01707,-2.15888
E07000221,Stratford-on-Avon,52.16154,-1.63565
E07000082,Stroud,51.72001,-2.30818
E08000024,Sunderland,54.85719,-1.43344
E07000214,Surrey Heath,51.3361,-0.68986
E09000029,Sutton,51.35755,-0.17226
E07000113,Swale,51.32251,0.776893
W06000011,Swansea,51.65806,-3.96723
E06000030,Swindon,51.57763,-1.73367
E08000008,Tameside,53.47867,-2.077
E07000199,Tamworth,52.62031,-1.68451
E07000215,Tandridge,51.23581,-0.04805
E07000045,Teignbridge,50.60981,-3.65289
E06000020,Telford and Wrekin,52.71417,-2.48941
E07000076,Tendring,51.85674,1.108981
E07000093,Test Valley,51.13417,-1.50214
E07000083,Tewkesbury,51.93485,-2.19998
E07000114,Thanet,51.35252,1.328226
E07000102,Three Rivers,51.65632,-0.45005
E06000034,Thurrock,51.50998,0.334861
E07000115,Tonbridge and Malling,51.26064,0.349306
E06000027,Torbay,50.47092,-3.55523
W06000020,Torfaen,51.69836,-3.05101
E07000046,Torridge,50.90739,-4.21728
E09000030,Tower Hamlets,51.51554,-0.03647
E08000009,Trafford,53.41671,-2.36572
E07000116,Tunbridge Wells,51.10254,0.471632
E07000077,Uttlesford,51.93592,0.294485
W06000014,Vale of Glamorgan,51.44836,-3.39801
E07000180,Vale of White Horse,51.65443,-1.48543
E08000036,Wakefield,53.65922,-1.42092
E08000030,Walsall,52.60503,-1.97044
E09000031,Waltham Forest,51.59461,-0.0188
E09000032,Wandsworth,51.4524,-0.20021
E06000007,Warrington,53.39163,-2.56167
E07000222,Warwick,52.30142,-1.58369
E07000103,Watford,51.6717,-0.40429
E07000216,Waverley,51.15686,-0.62343
E07000065,Wealden,50.93322,0.205156
E07000241,Welwyn Hatfield,51.76087,-0.18518
E06000037,West Berkshire,51.44559,-1.27364
E07000047,West Devon,50.66481,-4.03361
S12000039,West Dunbartonshire,56.0014,-4.52074
E07000127,West Lancashire,53.61283,-2.86893
E07000142,West Lindsey,53.40044,-0.50774
S12000040,West Lothian,55.8992,-3.60909
E06000062,West Northamptonshire,52.26898,-1.01682
E07000181,West Oxfordshire,51.8399,-1.50292
E07000245,West Suffolk,52.30842,0.652769
E09000033,Westminster,51.51221,-0.15295
E08000010,Wigan,53.51445,-2.57247
E06000054,Wiltshire,51.32883,-1.92661
E07000094,Winchester,51.03002,-1.24393
E06000040,Windsor and Maidenhead,51.48034,-0.67541
E08000015,Wirral,53.37478,-3.06701
E07000217,Woking,51.30837,-0.57982
E06000041,Wokingham,51.42296,-0.89935
E08000031,Wolverhampton,52.59788,-2.12746
E07000237,Worcester,52.19482,-2.21025
E07000229,Worthing,50.8331,-0.40127
W06000006,Wrexham,53.00167,-2.99203
E07000238,Wychavon,52.12886,-2.01614
E07000128,Wyre,53.89991,-2.80359
E07000239,Wyre Forest,52.3853,-2.23494
E06000014,York,53.96582,-1.07375
