dataset,horizon,ablation,n_seeds,rmse_full,rmse_ablated,delta_pct_mean,delta_pct_median,delta_pct_sd,max_abs_delta_pct,seeds_worse,wilcoxon_p,n_nodes,e19_entropy
japan,3,mean_agam,5,1509.999322990584,1482.932507431901,-1.4137087155042647,-1.787438245895219,5.03810369379069,7.112900404918238,2,0.4375,47,0.9996
japan,3,no_agam,5,1509.999322990584,1497.4817162308805,2.5076282635311857,-6.081621416591938,22.591525650154754,32.40778232221645,2,1.0,47,0.9996
japan,3,no_mtfm,5,1509.999322990584,1411.4895154316685,-4.470566267818612,1.3091239567508224,13.603349274008115,25.881137920992664,3,0.8125,47,0.9996
japan,3,no_pprm,5,1509.999322990584,1486.5947156056948,3.3112032802079683,-9.479584844631713,36.005505460637956,58.8209492294496,2,1.0,47,0.9996
japan,5,mean_agam,5,1342.8042351235708,1370.9440304806244,2.428156325021548,-2.1874829196368863,12.335465532051874,21.67954300591016,2,1.0,47,0.9996
japan,5,no_agam,5,1342.8042351235708,1473.0475446433961,9.757418097178057,9.53162197510997,4.773407654651941,14.992867160741376,5,0.0625,47,0.9996
japan,5,no_mtfm,5,1342.8042351235708,1406.0783672767209,4.947804914516548,-2.2240539855303085,18.363550514246533,37.67818526812674,1,0.625,47,0.9996
japan,5,no_pprm,5,1342.8042351235708,1681.3402717381348,25.875778250364114,27.18317945094983,14.451741693848035,40.19806964450487,5,0.0625,47,0.9996
japan,10,mean_agam,5,1867.7617937704974,1957.365863709732,4.856976205720795,1.8889766763399598,5.713639765782918,12.992029101373891,4,0.125,47,0.9996
japan,10,no_agam,5,1867.7617937704974,1954.1411222305173,5.784770764547156,-5.227189468893834,25.61032925668989,51.1488818291502,1,0.625,47,0.9996
japan,10,no_mtfm,5,1867.7617937704974,1675.2773918569262,-9.06046595994232,-6.535589532138093,15.756961345293833,35.817143012862765,2,0.3125,47,0.9996
japan,10,no_pprm,5,1867.7617937704974,1656.6930407882414,-10.606691169280028,-12.797294951462296,10.048069545493094,22.664172915228512,1,0.125,47,0.9996
japan,15,mean_agam,5,1812.8254953512067,1692.4394434378537,-6.342574418772491,-3.8336031681797325,5.83567891472435,13.937258343386112,0,0.0625,47,0.9996
japan,15,no_agam,5,1812.8254953512067,1771.787245803441,-1.7525985871586809,0.16353020677227983,7.808375830266749,10.753803978774183,3,0.8125,47,0.9996
japan,15,no_mtfm,5,1812.8254953512067,1703.7242354694324,-5.537034989557186,-5.440657856621374,7.361454473755495,16.516789768430325,1,0.1875,47,0.9996
japan,15,no_pprm,5,1812.8254953512067,2327.0896545273513,31.125843584163505,10.972814399207222,43.62320357787099,91.30480818139714,4,0.3125,47,0.9996
ltla_timeseries,3,mean_agam,5,50.523951356955834,50.561448873774076,0.07838958496985582,-0.09070480602473886,0.8344833699379883,0.9656620954996338,2,0.8125,372,1.0
ltla_timeseries,3,no_agam,5,50.523951356955834,50.689770067321454,0.35410736513167446,0.4451765907030216,2.053058314842537,2.8729105582676073,4,0.625,372,1.0
ltla_timeseries,3,no_mtfm,5,50.523951356955834,49.13479705628616,-2.700808000452567,-3.1722788328279194,3.045367640870343,6.351669863883751,1,0.125,372,1.0
ltla_timeseries,3,no_pprm,5,50.523951356955834,51.44602545984348,1.969632357368803,1.8939673862594513,6.955842240347843,9.020459784806883,3,0.625,372,1.0
ltla_timeseries,7,mean_agam,5,84.4870377670284,84.4646557919217,-0.06166161850550422,-0.1785999650687841,1.70613111446872,2.2228532336811706,2,1.0,372,1.0
ltla_timeseries,7,no_agam,5,84.4870377670284,89.10501416436124,5.636047743682344,8.904077983428355,5.834338173575894,10.302690224881566,4,0.1875,372,1.0
ltla_timeseries,7,no_mtfm,5,84.4870377670284,84.39577522303571,-0.01146250992580473,-1.1059019330727893,4.302743356374955,6.93635759905731,2,0.8125,372,1.0
ltla_timeseries,7,no_pprm,5,84.4870377670284,80.37907357102385,-4.517388297480934,-7.248304403003077,10.55983100737724,14.951478576854837,2,0.4375,372,1.0
ltla_timeseries,14,mean_agam,5,128.77903363098193,129.85667196159523,0.8007875152429614,0.09015194670261646,1.0750327734396867,2.244438726208381,4,0.125,372,1.0
ltla_timeseries,14,no_agam,5,128.77903363098193,120.46723651323597,-5.730040221884794,-4.635752917030315,10.186778992221978,20.385715193563506,2,0.3125,372,1.0
ltla_timeseries,14,no_mtfm,5,128.77903363098193,126.53034533685668,-1.1085164272471968,0.8525955228546003,9.088756106116419,16.12592502433998,4,0.625,372,1.0
ltla_timeseries,14,no_pprm,5,128.77903363098193,122.04529383213283,-4.673961515723883,-1.2249653423596842,9.747637137310424,15.840748159497137,2,0.625,372,1.0
nhs_timeseries,3,mean_agam,5,2.518807820974918,2.5229205582230128,0.47364124361550386,-1.5203973175522936,5.467320255625406,9.01110994899138,2,1.0,7,0.9937
nhs_timeseries,3,no_agam,5,2.518807820974918,2.4552609450248966,3.3258785533533994,0.32547213554128257,37.08795800296161,59.719945175900385,3,1.0,7,0.9937
nhs_timeseries,3,no_mtfm,5,2.518807820974918,2.2025090274723205,-8.290539027730333,-1.6627796976483853,19.643744458021725,42.80537241284164,2,0.625,7,0.9937
nhs_timeseries,3,no_pprm,5,2.518807820974918,2.696581537620024,13.656258303508697,-0.25742660409962886,55.78864302286344,108.18708367987907,2,1.0,7,0.9937
nhs_timeseries,7,mean_agam,5,7.556219861152542,6.748948468426574,-8.156513065826253,-9.137601585100748,13.930839465859808,21.373122807332884,1,0.3125,7,0.9937
nhs_timeseries,7,no_agam,5,7.556219861152542,6.68883702702812,-4.597935970951762,2.316476843354519,27.782102944792836,47.41488469935392,3,1.0,7,0.9937
nhs_timeseries,7,no_mtfm,5,7.556219861152542,6.222288075258712,-12.43450953235187,-2.8348492839951147,22.16465500044295,43.86647269072859,2,0.625,7,0.9937
nhs_timeseries,7,no_pprm,5,7.556219861152542,8.405164590251122,17.984873490963015,33.29623368394878,40.443281840832185,68.5424548240533,3,0.625,7,0.9937
nhs_timeseries,14,mean_agam,5,14.297640488196773,13.313482978141087,-1.9222502061864084,12.959503896292325,25.848610036928246,43.55132410108859,3,0.8125,7,0.9937
nhs_timeseries,14,no_agam,5,14.297640488196773,11.291197178709282,-16.370975038685874,-10.985251491055458,22.272735598209124,47.86923507836616,1,0.1875,7,0.9937
nhs_timeseries,14,no_mtfm,5,14.297640488196773,14.131679633212702,8.464813486768886,-7.427676790382525,48.90666459720116,81.84232312979293,2,1.0,7,0.9937
nhs_timeseries,14,no_pprm,5,14.297640488196773,17.263207923984417,30.53636021817478,39.19091223828511,50.092549081352516,96.28266896101667,4,0.4375,7,0.9937
