stamp,kind,exp,dataset,horizon,val_rmse,ent_mean,ent_min,uv_share,u_absmax,v_absmax,temp,gamma,alpha_first,alpha_mean_lag,alpha_entropy,alpha
20260820_021547,config,"nodecay,regpre,reniter",nhs_timeseries,3,3.0087,0.348415,0.017231,0.942568,1.894271,2.077708,1.0,1.0,0.067627,3.327285,0.664901,0.0676 0.0615 0.6393 0.0787 0.0580 0.0499 0.0449
20260820_021547,config,"nodecay,regpre,reniter",nhs_timeseries,7,8.1463,0.385758,0.028433,0.943604,1.296031,1.585557,1.0,1.0,0.029253,4.189421,0.748336,0.0293 0.0279 0.1324 0.5075 0.1716 0.1002 0.0312
20260820_021547,config,"nodecay,regpre,reniter",nhs_timeseries,14,17.9496,0.498454,0.007727,0.958937,1.821009,1.567889,1.0,1.0,0.168781,3.284859,0.949074,0.1688 0.2121 0.2477 0.1297 0.0946 0.0730 0.0741
20260820_021547,config,"nodecay,regpre,reniter",japan,3,703.1453,0.696113,0.210659,0.996808,2.140739,2.000025,1.0,1.0,0.590892,1.82845,0.632468,0.5909 0.2004 0.1124 0.0406 0.0170 0.0190 0.0198
20260820_021547,config,"nodecay,regpre,reniter",japan,5,903.5563,0.584456,0.086894,0.998213,2.065099,2.044781,1.0,1.0,0.271988,2.391035,0.739987,0.2720 0.4759 0.0608 0.0587 0.0774 0.0237 0.0316
20260820_040012,config,"nodecay,regpre,reniter",nhs_timeseries,3,3.0087,0.348415,0.017231,0.942568,1.894271,2.077708,1.0,1.0,0.067627,3.327285,0.664901,0.0676 0.0615 0.6393 0.0787 0.0580 0.0499 0.0449
20260820_040012,config,"nodecay,regpre,reniter",nhs_timeseries,7,8.1463,0.385758,0.028433,0.943604,1.296031,1.585557,1.0,1.0,0.029253,4.189421,0.748336,0.0293 0.0279 0.1324 0.5075 0.1716 0.1002 0.0312
20260820_040012,config,"nodecay,regpre,reniter",nhs_timeseries,14,17.9496,0.498454,0.007727,0.958937,1.821009,1.567889,1.0,1.0,0.168781,3.284859,0.949074,0.1688 0.2121 0.2477 0.1297 0.0946 0.0730 0.0741
20260820_040012,config,"nodecay,regpre,reniter",japan,3,703.1453,0.696113,0.210659,0.996808,2.140739,2.000025,1.0,1.0,0.590892,1.82845,0.632468,0.5909 0.2004 0.1124 0.0406 0.0170 0.0190 0.0198
20260820_040012,config,"nodecay,regpre,reniter",japan,5,903.5563,0.584456,0.086894,0.998213,2.065099,2.044781,1.0,1.0,0.271988,2.391035,0.739987,0.2720 0.4759 0.0608 0.0587 0.0774 0.0237 0.0316
20260820_040055,config,"nodecay,regpre,reniter",nhs_timeseries,3,2.9187,0.295498,0.005492,0.924671,1.979674,1.846105,1.0,1.0,0.025947,4.292982,0.513744,0.0259 0.0244 0.7066 0.0279 0.0255 0.0239 0.0228 0.0222 0.0217 0.0211 0.0204 0.0198 0.0192 0.0187
20260820_040055,config,"nodecay,regpre,reniter",nhs_timeseries,7,7.8091,0.507462,0.009718,0.950262,1.794129,1.407987,1.0,1.0,0.045073,6.994506,0.738293,0.0451 0.0418 0.0390 0.0367 0.0350 0.0339 0.4958 0.0926 0.0417 0.0331 0.0297 0.0271 0.0251 0.0235
20260820_040055,config,"nodecay,regpre,reniter",nhs_timeseries,14,19.8313,0.415702,0.015076,0.907936,1.317133,1.375023,1.0,1.0,0.018546,8.657902,0.893051,0.0185 0.0191 0.0205 0.0304 0.0397 0.0571 0.0912 0.1709 0.1270 0.2012 0.0763 0.0672 0.0623 0.0187
20260820_040055,config,"nodecay,regpre,reniter",japan,3,644.3659,0.568973,0.072188,0.998689,2.080265,1.791546,1.0,1.0,0.393163,2.733688,0.666656,0.3932 0.2591 0.0979 0.0880 0.0635 0.0319 0.0147 0.0090 0.0072 0.0071 0.0071 0.0071 0.0072 0.0072
20260820_040055,config,"nodecay,regpre,reniter",japan,5,1054.3251,0.570228,0.192977,0.997761,1.694097,1.659925,1.0,1.0,0.269333,4.651778,0.865003,0.2693 0.0984 0.0382 0.1384 0.0999 0.0958 0.0801 0.0510 0.0263 0.0187 0.0199 0.0207 0.0213 0.0218
20260820_041126,config,"nodecay,regpre,reniter,renewres",nhs_timeseries,3,2.9156,0.471112,0.092723,0.904418,1.535177,1.754522,1.0,0.199113,0.138562,3.725906,0.978962,0.1386 0.1341 0.2431 0.1468 0.1242 0.1110 0.1022
20260820_041126,config,"nodecay,regpre,reniter,renewres",nhs_timeseries,7,8.483,0.529504,0.054571,0.898985,1.296461,1.318362,1.0,0.463941,0.066202,4.154915,0.914621,0.0662 0.0648 0.1673 0.3017 0.2100 0.1297 0.0603
20260820_041126,config,"nodecay,regpre,reniter,renewres",nhs_timeseries,14,17.0233,0.496986,0.014259,0.949354,1.906234,1.751508,1.0,0.423153,0.23342,3.189198,0.954964,0.2334 0.2281 0.1593 0.1173 0.0982 0.0844 0.0793
20260820_041126,config,"nodecay,regpre,reniter,renewres",japan,3,716.5523,0.689982,0.101636,0.997124,2.142338,2.319765,1.0,0.957314,0.618674,1.751788,0.600112,0.6187 0.1877 0.1127 0.0332 0.0156 0.0159 0.0161
20260820_041126,config,"nodecay,regpre,reniter,renewres",japan,5,855.7641,0.593811,0.105241,0.998048,1.930482,1.909259,1.0,1.020055,0.238658,2.464102,0.755389,0.2387 0.4839 0.0809 0.0573 0.0810 0.0271 0.0312
20260820_091733,config,"nodecay,regpre,reniter,giunif",nhs_timeseries,3,2.9021,0.309309,0.019218,0.956873,1.986371,2.115978,1.0,1.0,0.142857,4.0,1.0,0.1429 0.1429 0.1429 0.1429 0.1429 0.1429 0.1429
20260820_091733,config,"nodecay,regpre,reniter,giunif",nhs_timeseries,7,10.1671,0.429812,0.019807,0.923874,1.335421,1.404749,1.0,1.0,0.142857,4.0,1.0,0.1429 0.1429 0.1429 0.1429 0.1429 0.1429 0.1429
20260820_091733,config,"nodecay,regpre,reniter,giunif",nhs_timeseries,14,19.6844,0.487728,0.027317,0.972689,1.847813,1.532864,1.0,1.0,0.142857,4.0,1.0,0.1429 0.1429 0.1429 0.1429 0.1429 0.1429 0.1429
20260820_091733,config,"nodecay,regpre,reniter,giunif",japan,3,692.4795,0.488701,0.080847,0.99859,2.057232,2.359426,1.0,1.0,0.142857,4.0,1.0,0.1429 0.1429 0.1429 0.1429 0.1429 0.1429 0.1429
20260820_091733,config,"nodecay,regpre,reniter,giunif",japan,5,910.3454,0.601065,0.100757,0.998206,1.970769,1.789984,1.0,1.0,0.142857,4.0,1.0,0.1429 0.1429 0.1429 0.1429 0.1429 0.1429 0.1429
20260820_102134,config,"nodecay,regpre,reniter",nhs_timeseries,3,3.1093,0.386095,0.022648,0.939269,1.899248,2.025368,1.0,1.0,0.000607,4.826374,0.851209,0.0006 0.0296 0.1382 0.2479 0.2629 0.1999 0.1209
20260820_102134,config,"nodecay,regpre,reniter",nhs_timeseries,7,10.1426,0.426616,0.000557,0.936452,1.890708,1.738798,1.0,1.0,0.000607,4.826374,0.851209,0.0006 0.0296 0.1382 0.2479 0.2629 0.1999 0.1209
20260820_102134,config,"nodecay,regpre,reniter",nhs_timeseries,14,20.3513,0.563139,0.019449,0.909145,1.364523,1.353467,1.0,1.0,0.000607,4.826374,0.851209,0.0006 0.0296 0.1382 0.2479 0.2629 0.1999 0.1209
20260820_102134,config,"nodecay,regpre,reniter",japan,3,540.1229,0.477149,0.114032,0.998828,2.069622,2.204376,1.0,1.0,0.000607,4.826374,0.851209,0.0006 0.0296 0.1382 0.2479 0.2629 0.1999 0.1209
20260820_102134,config,"nodecay,regpre,reniter",japan,5,686.6705,0.47959,0.04177,0.999081,2.108907,1.734129,1.0,1.0,0.000607,4.826374,0.851209,0.0006 0.0296 0.1382 0.2479 0.2629 0.1999 0.1209
