dataset,horizon,method,seeds,cov50,cov90,cov95,wis,cov90_error
australia-covid,3,adjacency,5,0.5604910714285715,0.9430803571428571,0.9814732142857142,37.63886825597961,0.043080357142857094
australia-covid,3,identity,5,0.5571428571428572,0.9397321428571429,0.9779017857142858,30.62514089573143,0.03973214285714281
australia-covid,3,raw,5,0.459375,0.9189732142857142,0.9772321428571429,41.38922287736686,0.018973214285714256
australia-covid,3,uniform,5,0.5412946428571429,0.9441964285714285,0.9819196428571428,38.1189459884992,0.04419642857142854
australia-covid,7,adjacency,5,0.5725446428571429,0.9337053571428571,0.9738839285714285,80.8507421944731,0.03370535714285714
australia-covid,7,attention,3,0.5703125,0.9348958333333334,0.9709821428571429,71.4541987955355,0.03489583333333331
australia-covid,7,identity,5,0.5622767857142857,0.9243303571428572,0.9723214285714284,59.84147965249322,0.0245089285714285
australia-covid,7,raw,5,0.5595982142857142,0.8970982142857142,0.9627232142857143,92.69256170649477,0.02424107142857146
australia-covid,7,uniform,5,0.5676339285714286,0.9337053571428571,0.9747767857142857,82.53371489764245,0.03370535714285714
australia-covid,14,adjacency,5,0.6109375,0.9352678571428571,0.9736607142857142,103.24071740347486,0.035267857142857094
australia-covid,14,attention,3,0.6030505952380952,0.9419642857142856,0.9747023809523809,109.7066356623369,0.04196428571428564
australia-covid,14,identity,5,0.5973214285714286,0.9325892857142858,0.9694196428571429,73.78375020480239,0.032589285714285744
australia-covid,14,raw,5,0.575,0.9223214285714285,0.9607142857142857,125.38776656561012,0.02401785714285711
australia-covid,14,uniform,5,0.596875,0.9404017857142858,0.9758928571428571,105.73052333341282,0.040401785714285696
japan,3,adjacency,5,0.4759878419452887,0.8987841945288754,0.956838905775076,328.9302671632403,0.010699088145896662
japan,3,attention,3,0.47659574468085103,0.8947315096251267,0.9543059777102331,332.5382231048922,0.013171225937183414
japan,3,identity,5,0.47793313069908816,0.8966565349544073,0.9538601823708206,328.9327813448939,0.008571428571428518
japan,3,raw,5,0.44474164133738603,0.8886322188449848,0.9490577507598784,328.95811956103677,0.017568389057750777
japan,3,uniform,5,0.47586626139817634,0.8995744680851064,0.9571428571428571,328.9411560571849,0.010759878419452895
japan,5,adjacency,5,0.49483282674772033,0.9175075987841945,0.9674772036474163,349.95359769486396,0.017507598784194455
japan,5,attention,3,0.49463019250253293,0.9211752786220871,0.9688956433637285,360.5581848709177,0.021175278622087124
japan,5,identity,5,0.4990881458966565,0.916595744680851,0.9648024316109423,349.96188293896745,0.016595744680851055
japan,5,raw,5,0.5045592705167173,0.9153799392097264,0.9631003039513677,349.9394938248726,0.015379939209726422
japan,5,uniform,5,0.49325227963525836,0.9176899696048633,0.9675379939209726,349.9545058177855,0.017689969604863222
japan,10,adjacency,5,0.5374468085106383,0.9435866261398177,0.9813981762917934,505.41735463570984,0.043586626139817584
japan,10,identity,5,0.5389665653495441,0.9404863221884499,0.9788449848024315,505.47608845343194,0.04048632218844981
japan,10,raw,5,0.5481458966565349,0.944437689969605,0.9800000000000001,505.37479264291267,0.044437689969604864
japan,10,uniform,5,0.53629179331307,0.942917933130699,0.9812158054711245,505.41376277874724,0.042917933130699006
japan,15,adjacency,5,0.5429787234042553,0.9390881458966565,0.9733738601823708,588.7990260479124,0.039088145896656476
japan,15,attention,3,0.5641337386018237,0.9367781155015198,0.9693009118541034,633.6459814613398,0.036778115501519694
japan,15,identity,5,0.5454103343465045,0.9376291793313071,0.9713069908814589,588.88821424805,0.03762917933130698
japan,15,raw,5,0.5951367781155016,0.9465045592705167,0.9731306990881459,588.7440333439245,0.046504559270516665
japan,15,uniform,5,0.5399392097264438,0.9397568389057751,0.9730091185410334,588.7693843758086,0.03975683890577506
ltla_timeseries,3,adjacency,5,0.5086085509472607,0.9175307219662059,0.9689196108550947,15.683618886668787,0.017530721966205844
ltla_timeseries,3,identity,5,0.510013440860215,0.916113031233999,0.967594726062468,15.72766754845162,0.016113031233998966
ltla_timeseries,3,raw,5,0.24520609318996414,0.7222126216077829,0.8876888120839734,16.45610901719292,0.17778737839221712
ltla_timeseries,3,uniform,5,0.5092197900665643,0.9167850742447516,0.9682571684587813,15.705462779007632,0.01678507424475162
ltla_timeseries,7,adjacency,5,0.5204333077316948,0.9284850230414747,0.9683307731694828,27.92393704286737,0.028485023041474645
ltla_timeseries,7,attention,3,0.5242842208568015,0.9324436763952892,0.9687233316265574,28.587060447986776,0.03244367639528926
ltla_timeseries,7,identity,5,0.5219758064516129,0.9267825140809011,0.9671370967741936,27.986629985111087,0.02678251408090111
ltla_timeseries,7,raw,5,0.24162186379928313,0.770174091141833,0.914365719406042,28.924431787263426,0.12982590885816697
ltla_timeseries,7,uniform,5,0.5210797491039426,0.9274961597542243,0.967770737327189,27.962509519009263,0.027496159754224238
ltla_timeseries,14,adjacency,5,0.5403481822836661,0.9254928315412186,0.9718253968253968,46.91261242434085,0.025492831541218664
ltla_timeseries,14,identity,5,0.542181899641577,0.924379160266257,0.9704077060931899,46.9687428351466,0.024379160266257017
ltla_timeseries,14,raw,5,0.3030049923195084,0.7971230158730158,0.9081189196108552,48.061389725232324,0.10287698412698416
ltla_timeseries,14,uniform,5,0.5414810547875064,0.9248943932411674,0.9708493343573987,46.94304768842063,0.02489439324116738
nhs_timeseries,3,adjacency,5,0.47549880287310453,0.8777334397446129,0.9334397446129289,1.1622839163601317,0.022266560255387112
nhs_timeseries,3,attention,3,0.46794360202181423,0.876296887470072,0.9361532322426177,1.0411727703867828,0.023703112529928183
nhs_timeseries,3,identity,5,0.47597765363128486,0.8702314445331204,0.9273743016759777,1.1654484708449566,0.02976855546687951
nhs_timeseries,3,raw,5,0.26336791699920187,0.87390263367917,0.9573822825219473,1.202279193737517,0.026831604150039913
nhs_timeseries,3,uniform,5,0.47454110135674377,0.8796488427773343,0.9390263367916999,1.1618117902931555,0.020351157222665606
nhs_timeseries,7,adjacency,5,0.4868316041500399,0.8857142857142858,0.9375897845171588,3.359640869851753,0.014285714285714301
nhs_timeseries,7,attention,3,0.48683160415003995,0.8840117052407556,0.9409417398244213,3.4849187214297026,0.015988294759244497
nhs_timeseries,7,identity,5,0.4871508379888268,0.8818834796488428,0.9305666400638467,3.3649733504651875,0.01811652035115725
nhs_timeseries,7,raw,5,0.28347964884277727,0.8335195530726256,0.9272146847565843,3.4791702704784035,0.07359936153232245
nhs_timeseries,7,uniform,5,0.48619313647246604,0.8861931364724661,0.9420590582601756,3.359922918060775,0.01380686352753393
nhs_timeseries,14,adjacency,5,0.4818834796488428,0.8842777334397447,0.9441340782122906,6.150717434149314,0.015722266560255417
nhs_timeseries,14,attention,3,0.47353019420058523,0.8794892258579409,0.9494546421920723,6.866726028421973,0.020510774142059113
nhs_timeseries,14,identity,5,0.48124501197126895,0.8747007182761373,0.929289704708699,6.123834603745939,0.025299281723862754
nhs_timeseries,14,raw,5,0.3776536312849162,0.8762968874700718,0.9415802075019952,6.32733991354362,0.060830007980845965
nhs_timeseries,14,uniform,5,0.48172386272944934,0.8881085395051876,0.9522745411013567,6.152769424825644,0.011987230646448554
region785,3,adjacency,5,0.5105732484076433,0.9261146496815286,0.9728662420382166,206.81449522268076,0.02611464968152861
region785,3,identity,5,0.5014012738853503,0.9030573248407643,0.9587261146496815,205.07214432281916,0.004585987261146474
region785,3,raw,5,0.5910828025477707,0.9573248407643312,0.9852229299363058,211.674383073352,0.057324840764331156
region785,3,uniform,5,0.5136305732484077,0.9322292993630572,0.9765605095541401,207.3640156077251,0.032229299363057295
region785,5,adjacency,5,0.5071337579617834,0.9226751592356688,0.969171974522293,268.9420556563633,0.022675159235668742
region785,5,identity,5,0.5012738853503185,0.9016560509554139,0.954267515923567,267.07343037758017,0.007515923566878957
region785,5,raw,5,0.5487898089171974,0.9417834394904459,0.9770700636942674,272.6903931572723,0.04178343949044585
region785,5,uniform,5,0.5118471337579618,0.9289171974522293,0.9726114649681529,269.44745753533005,0.028917197452229294
region785,10,adjacency,5,0.5068789808917197,0.9254777070063694,0.9696815286624204,346.2991567618682,0.025477707006369376
region785,10,identity,5,0.4969426751592357,0.9026751592356688,0.9529936305732484,343.45752695198223,0.0070063694267515466
region785,10,raw,5,0.5545222929936305,0.9537579617834394,0.9843312101910827,353.927293933251,0.05375796178343948
region785,10,uniform,5,0.5085350318471338,0.9321019108280255,0.9746496815286625,347.12421546150006,0.03210191082802547
region785,15,adjacency,5,0.49592356687898087,0.9264968152866242,0.9712101910828025,425.24784701771557,0.02649681528662413
region785,15,attention,3,0.5091295116772824,0.937579617834395,0.9779193205944798,428.3237124479031,0.03757961783439493
region785,15,identity,5,0.4857324840764331,0.9016560509554141,0.9500636942675159,422.3629433372524,0.007261146496815307
region785,15,raw,5,0.5895541401273885,0.9628025477707005,0.9862420382165604,436.52483991501896,0.06280254777070063
region785,15,uniform,5,0.5005095541401274,0.9356687898089172,0.9773248407643311,426.16594532656,0.03566878980891723
state360,3,adjacency,5,0.5228458049886621,0.9154195011337869,0.9636621315192745,38.46001147367908,0.015419501133786807
state360,3,identity,5,0.5089569160997732,0.8901927437641722,0.9473922902494332,37.959838716665615,0.009807256235827722
state360,3,raw,5,0.4616213151927438,0.8945578231292517,0.9534580498866212,38.80625089873364,0.008367346938775522
state360,3,uniform,5,0.5215986394557823,0.9174603174603174,0.9649659863945578,38.358470642978105,0.017460317460317377
state360,5,adjacency,5,0.5195578231292517,0.9185374149659864,0.964965986394558,46.38232337185402,0.018537414965986355
state360,5,identity,5,0.503968253968254,0.8952380952380953,0.9498866213151927,45.59270601312652,0.0047619047619047675
state360,5,raw,5,0.48140589569160996,0.9007369614512472,0.9570861678004535,47.002152107115776,0.007494331065759629
state360,5,uniform,5,0.5157596371882086,0.9216553287981858,0.9672902494331066,46.16889381385943,0.021655328798185835
state360,10,adjacency,5,0.5058956916099773,0.9175170068027212,0.9652494331065761,56.35629096153514,0.017517006802721103
state360,10,identity,5,0.49268707482993196,0.8923469387755102,0.9484126984126984,55.177880099677566,0.007653061224489832
state360,10,raw,5,0.4988095238095238,0.9106575963718821,0.9598639455782314,57.56672910390641,0.01065759637188204
state360,10,uniform,5,0.5026643990929706,0.9213151927437642,0.9666666666666666,55.995901710965526,0.0213151927437641
state360,15,adjacency,5,0.4806122448979592,0.9139455782312925,0.9663832199546485,63.505848779697565,0.013945578231292477
state360,15,identity,5,0.4679705215419501,0.8852040816326531,0.9454081632653061,62.629145589061636,0.01479591836734695
state360,15,raw,5,0.4993764172335601,0.9008503401360544,0.9522675736961451,64.95878082176333,0.0072675736961451244
state360,15,uniform,5,0.47636054421768703,0.9156462585034013,0.9670634920634921,63.21201702164841,0.015646258503401334
