dataset,horizon,seed,method,wis,wis_dispersion,wis_overprediction,wis_underprediction,cov50,cov90,cov95
australia-covid,14,1000,raw,104.01650195459408,90.22962646528447,4.769933787324923,4.854366310472999,0.546875,0.8973214285714286,0.9542410714285714
australia-covid,14,1000,identity,64.37477694397374,49.988938188055386,5.212766943771322,5.010496420635385,0.6082589285714286,0.9241071428571429,0.9698660714285714
australia-covid,14,1000,adjacency,80.95582761328829,65.23295692966396,5.618513388310483,5.813675487066925,0.6194196428571429,0.9296875,0.9765625
australia-covid,14,1000,uniform,82.04407874913532,66.31746989689553,5.681645687166254,5.756531094472787,0.6071428571428571,0.9274553571428571,0.9787946428571429
australia-covid,14,123,raw,131.40733512228263,90.4381438459213,32.582707504637725,0.6965595865564317,0.5569196428571429,0.9308035714285714,0.9587053571428571
australia-covid,14,123,identity,85.50114204769817,31.797434621996338,47.00130682731891,0.6282603619562357,0.5669642857142857,0.9363839285714286,0.9709821428571429
australia-covid,14,123,adjacency,115.95761268713633,58.907449708327604,48.9948587485109,0.6466069898296217,0.5959821428571429,0.9397321428571429,0.9765625
australia-covid,14,123,uniform,119.05497773512404,63.052252331706555,47.79497158532001,0.6589162813858217,0.5736607142857143,0.9475446428571429,0.9765625
australia-covid,14,30,raw,148.5239645352321,96.95118596989444,42.658373856419544,0.802068814033677,0.5591517857142857,0.9419642857142857,0.9709821428571429
australia-covid,14,30,identity,93.97369386547756,39.513566497981216,47.68419537534764,0.7414335036962669,0.5892857142857143,0.9408482142857143,0.9743303571428571
australia-covid,14,30,adjacency,137.01440983701,78.4590903002637,49.7469642569444,0.7572071249510005,0.5982142857142857,0.9408482142857143,0.9743303571428571
australia-covid,14,30,uniform,141.10414241953185,83.20674458365117,48.992185716546196,0.7796114844657619,0.5892857142857143,0.9508928571428571,0.9787946428571429
australia-covid,14,30,attention,141.37416719694153,83.51542731513923,48.95623479076655,0.7769231091004721,0.5904017857142857,0.9497767857142857,0.9787946428571429
australia-covid,14,42,raw,132.078321374125,90.80645125869152,31.93965778446623,1.056616944891418,0.6529017857142857,0.9430803571428571,0.9598214285714286
australia-covid,14,42,identity,65.42092539489563,28.370041817334652,31.333245781383344,0.9743938774842282,0.6049107142857143,0.9408482142857143,0.9709821428571429
australia-covid,14,42,adjacency,103.19564920867822,59.51389703067876,36.63114734047225,0.9859633761001115,0.6171875,0.9419642857142857,0.9765625
australia-covid,14,42,uniform,107.51052442450597,63.57062757765353,36.563250692520775,1.015220932512087,0.6171875,0.9520089285714286,0.9765625
australia-covid,14,42,attention,108.84974721372753,64.88250016529703,36.46209315642691,1.0114411792793074,0.6194196428571429,0.9520089285714286,0.9765625
australia-covid,14,45,raw,110.91270984181688,96.9151322977552,9.979202919309925,0.8797554131828667,0.5591517857142857,0.8984375,0.9598214285714286
australia-covid,14,45,identity,59.648212771966875,37.33711835234397,16.746206897478668,2.4602004773567736,0.6171875,0.9207589285714286,0.9609375
australia-covid,14,45,adjacency,79.08008767126151,56.407805723461856,17.118253779314134,2.475740402821244,0.6238839285714286,0.9241071428571429,0.9642857142857143
australia-covid,14,45,uniform,78.93889333876689,56.27780533317644,17.103292163687048,2.47511997353864,0.5970982142857143,0.9241071428571429,0.96875
australia-covid,14,45,attention,78.89599257634161,56.23925296586002,17.098904731122325,2.474792000253378,0.5993303571428571,0.9241071428571429,0.96875
australia-covid,3,1000,raw,86.82874469264671,31.291492814495818,1.163333160877922,48.50214227460186,0.35714285714285715,0.9263392857142857,0.9799107142857143
australia-covid,3,1000,identity,70.73294671378832,37.27236417025074,0.9791794415065868,26.84473422492467,0.515625,0.9386160714285714,0.9765625
australia-covid,3,1000,adjacency,81.00765592392061,36.08509246443068,0.9836357504025287,38.06733984981448,0.5200892857142857,0.9430803571428571,0.9799107142857143
australia-covid,3,1000,uniform,81.22167099988505,35.60190448073751,1.0193384005369979,38.728715408061234,0.49888392857142855,0.9464285714285714,0.9821428571428571
australia-covid,3,123,raw,23.638780272838005,17.611242110011233,4.459183435892883,0.7662827624412982,0.5089285714285714,0.9029017857142857,0.9665178571428571
australia-covid,3,123,identity,15.156289902035127,7.366482148273322,6.177241442175523,0.8114364372554773,0.5758928571428571,0.9296875,0.9754464285714286
australia-covid,3,123,adjacency,20.230486671958086,12.589598033218616,6.110892183425032,0.7280229457324336,0.5848214285714286,0.9397321428571429,0.9787946428571429
australia-covid,3,123,uniform,20.72403492307048,13.070726983818512,6.116580074612536,0.7349185019800937,0.5691964285714286,0.9363839285714286,0.9765625
australia-covid,3,30,raw,23.79193898490584,20.74907697521781,1.270751949486479,1.2245719665487915,0.5089285714285714,0.9017857142857143,0.9754464285714286
australia-covid,3,30,identity,12.790846460577828,8.931874267647899,1.2264806142956108,2.096552045564659,0.5870535714285714,0.9341517857142857,0.9787946428571429
australia-covid,3,30,adjacency,18.766700115064275,15.110056065457544,1.2358508972705615,1.879898094763019,0.5870535714285714,0.9375,0.9821428571428571
australia-covid,3,30,uniform,19.376549060319537,15.71466136962563,1.25107113654893,1.8693262085272286,0.5736607142857143,0.9386160714285714,0.9821428571428571
australia-covid,3,42,raw,43.04459832053673,23.51209707686001,16.242365408665645,0.8372364251625648,0.42410714285714285,0.9508928571428571,0.9866071428571429
australia-covid,3,42,identity,35.04239243901572,11.062636352248884,20.90136085752606,0.6621106852031087,0.5334821428571429,0.9564732142857143,0.984375
australia-covid,3,42,adjacency,41.73196074307093,20.50466233487663,18.089438152135067,0.6849622046979872,0.5323660714285714,0.9553571428571429,0.9877232142857143
australia-covid,3,42,uniform,42.17591804780391,21.253024495338547,17.767325477582048,0.7026686650348005,0.5033482142857143,0.9598214285714286,0.9877232142857143
australia-covid,3,45,raw,29.64205211590704,20.21202148427383,7.197596191648417,0.7587515535585074,0.49776785714285715,0.9129464285714286,0.9776785714285714
australia-covid,3,45,identity,19.403228963240167,9.049653099541153,8.456277006629692,0.6310813113561142,0.5736607142857143,0.9397321428571429,0.9743303571428571
australia-covid,3,45,adjacency,26.457537825884163,15.859804270427086,8.533278911316664,0.6474833233362955,0.578125,0.9397321428571429,0.9787946428571429
australia-covid,3,45,uniform,27.096556911417025,16.457026494784014,8.53038135157632,0.6686089618004257,0.5613839285714286,0.9397321428571429,0.9810267857142857
australia-covid,7,1000,raw,103.10776637818323,62.25141449562552,32.51425208492054,0.7987741464575441,0.5669642857142857,0.8716517857142857,0.9709821428571429
australia-covid,7,1000,identity,63.33749492594058,28.10922272713994,29.346782973504727,0.7595710349008904,0.5725446428571429,0.8995535714285714,0.9776785714285714
australia-covid,7,1000,adjacency,92.45699209231535,50.01304041972152,34.74061774194634,0.7641595088014876,0.5970982142857143,0.9263392857142857,0.9787946428571429
australia-covid,7,1000,uniform,94.25558644215437,51.7788210829665,34.582379958494016,0.7753016640842886,0.5803571428571429,0.9252232142857143,0.9799107142857143
australia-covid,7,123,raw,106.74638738723947,49.07058939695047,49.61742559184107,0.753880405312647,0.4955357142857143,0.9296875,0.9743303571428571
australia-covid,7,123,identity,72.39094136503681,28.88383244004251,37.78127721732956,0.6620307414682571,0.5491071428571429,0.9386160714285714,0.9765625
australia-covid,7,123,adjacency,102.99408726196175,48.81118642158858,46.20294884338929,0.6754623143731252,0.5591517857142857,0.9408482142857143,0.9765625
australia-covid,7,123,uniform,103.79942612050911,49.11819551574193,46.680536840041604,0.6961863578198858,0.5502232142857143,0.9419642857142857,0.9799107142857143
australia-covid,7,30,raw,70.49798558651018,45.77271032934459,20.405086540599694,0.6162339705765618,0.49888392857142855,0.9040178571428571,0.9654017857142857
australia-covid,7,30,identity,50.910593381873596,14.374723507596515,32.5553747485305,0.4940905897120326,0.5446428571428571,0.9185267857142857,0.9709821428571429
australia-covid,7,30,adjacency,63.058123128616444,28.75075863817504,30.09466928045803,0.538144002304129,0.5446428571428571,0.9274553571428571,0.9754464285714286
australia-covid,7,30,uniform,64.63185299793976,30.9149222467687,29.480885427983146,0.5520596649173809,0.5323660714285714,0.9330357142857143,0.9776785714285714
australia-covid,7,30,attention,64.65805867756093,30.932403194585998,29.489150340449044,0.5522192998656205,0.5345982142857143,0.9330357142857143,0.9776785714285714
australia-covid,7,42,raw,81.58475115243971,54.58032293564264,20.919092845391507,0.9456462069466618,0.5357142857142857,0.9196428571428571,0.96875
australia-covid,7,42,identity,54.32116438311606,17.09689581155852,32.62291700293466,0.7861611755414408,0.5435267857142857,0.9386160714285714,0.9743303571428571
australia-covid,7,42,adjacency,67.7419261542688,34.66827282992649,28.260084950336203,0.8288750007100727,0.5457589285714286,0.9464285714285714,0.9754464285714286
australia-covid,7,42,uniform,69.65044974969601,37.31895902497538,27.39829189497515,0.8496054457558423,0.5424107142857143,0.9441964285714286,0.9765625
australia-covid,7,42,attention,69.52560707950988,37.095007318733785,27.51664680504003,0.84635069924667,0.5446428571428571,0.9453125,0.9765625
australia-covid,7,45,raw,101.52591802810123,73.60580922971029,21.56875675301189,0.5668110167202743,0.7008928571428571,0.8604910714285714,0.9341517857142857
australia-covid,7,45,identity,58.24720420649906,24.020200738532772,29.569950571329976,0.5860865146199369,0.6015625,0.9263392857142857,0.9620535714285714
australia-covid,7,45,adjacency,78.00258233520312,45.16479685235398,27.221811473439015,0.5888157117163172,0.6160714285714286,0.9274553571428571,0.9631696428571429
australia-covid,7,45,uniform,80.33125917791303,47.6271066528199,26.87288132713101,0.5784057262151137,0.6328125,0.9241071428571429,0.9598214285714286
australia-covid,7,45,attention,80.17893062953571,47.51172522223127,26.858930613857158,0.5787928825163322,0.6316964285714286,0.9263392857142857,0.9587053571428571
japan,10,1000,raw,504.90721106205694,326.12722182048947,115.20509499705923,31.183562349709145,0.558966565349544,0.9525835866261398,0.9826747720364741
japan,10,1000,identity,505.05475910619356,322.628552904369,116.55661955598765,33.48757783248242,0.5288753799392097,0.9446808510638298,0.9820668693009118
japan,10,1000,adjacency,504.9718524458088,323.3531067180211,116.16132186423272,33.0722393911676,0.5282674772036474,0.9452887537993921,0.9826747720364741
japan,10,1000,uniform,504.9667157162933,323.15532129982904,116.39017131450203,33.038076700765046,0.5237082066869301,0.9458966565349544,0.9829787234042553
japan,10,123,raw,585.2059192533453,438.3065632880638,71.95754619430043,44.765231096344394,0.603951367781155,0.9480243161094225,0.9790273556231003
japan,10,123,identity,586.3035485668707,429.1557406289725,74.79948071317942,52.190100266765825,0.6218844984802432,0.9574468085106383,0.9826747720364741
japan,10,123,adjacency,586.1391097729513,430.22788500956386,74.40581947912452,51.281993795865375,0.6291793313069909,0.958966565349544,0.98419452887538
japan,10,123,uniform,586.1586014937434,429.89786139507623,74.53104213771724,51.47579268882529,0.6218844984802432,0.9565349544072949,0.9844984802431611
japan,10,30,raw,498.29549089709764,344.29439326358414,89.1842065845217,34.74610959975804,0.5693009118541034,0.9443768996960487,0.9768996960486322
japan,10,30,identity,498.3922866888338,340.28240886454677,90.74806373205213,37.330335514764734,0.5407294832826748,0.9434650455927052,0.9762917933130699
japan,10,30,adjacency,498.32307471909104,340.9400036802619,90.30204762041733,37.022010944147034,0.5395136778115501,0.9468085106382979,0.9787234042553191
japan,10,30,uniform,498.3100740811615,340.6588284102888,90.52291379865636,37.06724654263292,0.5376899696048633,0.9465045592705167,0.9781155015197568
japan,10,42,raw,477.0235532075881,251.97178173403907,161.24412171659498,32.03936184496771,0.4668693009118541,0.9416413373860182,0.9884498480243161
japan,10,42,identity,477.0956556688721,251.17195983819994,161.68163211020357,32.47601840087566,0.4513677811550152,0.9151975683890577,0.9756838905775076
japan,10,42,adjacency,477.0591013145249,251.4312936561238,161.53694662739647,32.32501060741493,0.44468085106382976,0.9237082066869301,0.9832826747720365
japan,10,42,uniform,477.08110532932096,251.34936181141182,161.60323885147395,32.36040048338359,0.4492401215805471,0.9237082066869301,0.9820668693009118
japan,10,45,raw,461.4417887944757,275.193809489609,130.92301618062285,19.806299494523362,0.5416413373860183,0.9355623100303951,0.9729483282674772
japan,10,45,identity,460.5341922363894,270.57041477582254,135.08794611822242,21.086998932179178,0.5519756838905775,0.9416413373860182,0.9775075987841946
japan,10,45,adjacency,460.5936349261732,271.3194162281821,134.6353546846444,20.702277513558286,0.5455927051671733,0.943161094224924,0.9781155015197568
japan,10,45,uniform,460.552317273217,270.8428278591475,135.1673491310235,20.750792759163026,0.548936170212766,0.9419452887537993,0.978419452887538
japan,15,1000,raw,504.92476577582426,287.8453654951041,159.89170383587845,24.935478042051724,0.5443768996960486,0.9340425531914893,0.9699088145896656
japan,15,1000,identity,504.8744459472726,286.67137026466537,160.01059444816642,25.94269132304415,0.5121580547112462,0.9322188449848025,0.9693009118541034
japan,15,1000,adjacency,504.87401310746924,287.16896009415103,159.85759494978606,25.597408696529776,0.5048632218844985,0.9337386018237082,0.9720364741641337
japan,15,1000,uniform,504.880754369987,286.86815031663525,160.10035619252392,25.660684166068652,0.501823708206687,0.9337386018237082,0.9708206686930091
japan,15,123,raw,538.3429020484864,373.0398702481034,106.6559097954977,27.832859443115307,0.6127659574468085,0.9768996960486322,0.9908814589665653
japan,15,123,identity,538.1215517784094,369.3075420892339,107.16393818249865,30.839075228297382,0.509726443768997,0.9537993920972644,0.9829787234042553
japan,15,123,adjacency,538.1672732849654,370.3466135963584,106.94373091962767,30.067595754313125,0.5085106382978724,0.9553191489361702,0.9872340425531915
japan,15,123,uniform,538.1135655447745,369.74652969075885,107.2526589959541,30.30599845334784,0.5051671732522797,0.9547112462006079,0.986322188449848
japan,15,30,raw,579.8150611564517,413.06713517098416,102.73497378488062,32.388550856426306,0.5844984802431611,0.9349544072948328,0.9613981762917934
japan,15,30,identity,579.5551638961339,411.0892711681336,102.54206114049882,34.34326978964426,0.5173252279635259,0.9224924012158054,0.958966565349544
japan,15,30,adjacency,579.6008648403483,411.9456291591495,102.19308321730092,33.86140500093303,0.5161094224924012,0.925531914893617,0.9613981762917934
japan,15,30,uniform,579.4980117654125,411.0756513270016,102.74432510423175,34.09372445404475,0.5109422492401215,0.9270516717325228,0.9610942249240122
japan,15,30,attention,579.5081741862418,411.1097165473188,102.71247761102244,34.09981698064015,0.5106382978723404,0.9264437689969605,0.9613981762917934
japan,15,42,raw,573.9644681408739,426.8459424788636,96.03199989560005,19.97083464074642,0.6382978723404256,0.956838905775076,0.9802431610942249
japan,15,42,identity,573.8192086880848,421.0226628621879,97.05138474272597,24.592766757953175,0.5930091185410334,0.9468085106382979,0.9768996960486322
japan,15,42,adjacency,573.65005794458,422.8107553424088,96.31503276563281,23.309857146322802,0.5844984802431611,0.947112462006079,0.9790273556231003
japan,15,42,uniform,573.6126110107429,421.7848643089581,96.98964779528696,23.64092254496415,0.5814589665653496,0.9486322188449848,0.9790273556231003
japan,15,42,attention,573.6028494318792,421.72948609685574,96.97457135451174,23.703772415933006,0.5808510638297872,0.948936170212766,0.9790273556231003
japan,15,45,raw,746.6729695979858,532.0479315279343,72.59160545290233,103.0034199507293,0.5957446808510638,0.9297872340425531,0.9632218844984802
japan,15,45,identity,748.0707009303491,524.027113388691,73.66011501855984,111.241473250903,0.5948328267477203,0.9328267477203648,0.9683890577507599
japan,15,45,adjacency,747.702921062199,525.5232665043677,73.39642385111722,109.68339000944891,0.6009118541033435,0.9337386018237082,0.9671732522796352
japan,15,45,uniform,747.7419791881259,525.0925157678003,73.66176480350869,109.88185186670937,0.6003039513677811,0.9346504559270516,0.9677811550151976
japan,15,45,attention,747.8269207658982,524.7683882865324,73.69988874255927,110.24932917637067,0.6009118541033435,0.9349544072948328,0.9674772036474164
japan,3,1000,raw,307.95788117926446,116.67044708556408,148.85461182961836,21.96289369697156,0.4848024316109423,0.9109422492401216,0.9586626139817629
japan,3,1000,identity,307.96387329827724,116.62689856408484,148.88029243039284,21.987854188345878,0.49148936170212765,0.9075987841945289,0.9553191489361702
japan,3,1000,adjacency,307.9596239793752,116.6937141730477,148.84562218874692,21.9513907426743,0.49027355623100305,0.9127659574468086,0.9610942249240122
japan,3,1000,uniform,307.9628085756442,116.64522448174672,148.87470867510623,21.97322760473962,0.4878419452887538,0.9118541033434651,0.960790273556231
japan,3,123,raw,339.1471311820679,148.0019366749075,106.18486251003664,62.967106948592665,0.45045592705167176,0.9045592705167174,0.9613981762917934
japan,3,123,identity,339.1005917153832,147.888009343219,106.19134986642426,63.029798904442956,0.4668693009118541,0.9006079027355623,0.958966565349544
japan,3,123,adjacency,339.10457991172893,147.9314700760402,106.19168020223425,62.989737400531894,0.46170212765957447,0.9009118541033435,0.9620060790273556
japan,3,123,uniform,339.1264531216943,147.96596615398448,106.1907868824784,62.976964546299136,0.4641337386018237,0.9036474164133739,0.9626139817629179
japan,3,30,raw,270.6782156846597,116.72284056160419,95.61746103089317,39.97144669670874,0.43343465045592705,0.8820668693009118,0.9419452887537993
japan,3,30,identity,270.6662219453495,116.89014363595093,95.52077104242503,39.89013097211393,0.4787234042553192,0.9018237082066869,0.9541033434650456
japan,3,30,adjacency,270.6551237422194,116.92221167327864,95.50944351379601,39.8582307685551,0.478419452887538,0.9048632218844985,0.9574468085106383
japan,3,30,uniform,270.66984265317836,116.89127825525247,95.5367056559127,39.875576879768026,0.478419452887538,0.9051671732522797,0.9583586626139817
japan,3,30,attention,270.6696358230713,116.89140122664982,95.53625424005435,39.87569257235675,0.4787234042553192,0.9060790273556231,0.9583586626139817
japan,3,42,raw,283.0000953027411,121.57402535328269,119.55535265957803,23.138475046413678,0.45987841945288754,0.8957446808510638,0.9531914893617022
japan,3,42,identity,282.98062050622303,121.67924461284748,119.49854844035382,23.07117605831627,0.49422492401215806,0.9030395136778115,0.9592705167173252
japan,3,42,adjacency,282.97855570520807,121.6774040242846,119.50516205299196,23.064224705986604,0.4939209726443769,0.9051671732522797,0.9617021276595744
japan,3,42,uniform,282.98963757499155,121.7005947718383,119.49700729858927,23.059964457186176,0.4927051671732523,0.9051671732522797,0.9610942249240122
japan,3,42,attention,282.9891253334018,121.69880353747998,119.49772813410586,23.060528843571742,0.49361702127659574,0.9057750759878419,0.960790273556231
japan,3,45,raw,444.0072744564507,164.82196941969494,106.9784069063217,143.42933642010843,0.3951367781155015,0.8498480243161094,0.9300911854103343
japan,3,45,identity,443.9525992592364,165.1197703621641,106.8403713381163,143.21571582091664,0.4583586626139818,0.8702127659574468,0.9416413373860182
japan,3,45,adjacency,443.95345247766954,165.0735169894493,106.85487568874063,143.24835019072563,0.45562310030395137,0.8702127659574468,0.9419452887537993
japan,3,45,uniform,443.9570383604161,165.08577190629344,106.85516015549577,143.23858292440735,0.4562310030395137,0.8720364741641338,0.9428571428571428
japan,3,45,attention,443.9559081582036,165.08293783230357,106.85576303615207,143.23968950235277,0.4574468085106383,0.8723404255319149,0.9437689969604863
japan,5,1000,raw,329.2181465357713,172.7408184915755,114.64937014671774,20.236855178555487,0.48936170212765956,0.9088145896656535,0.9610942249240122
japan,5,1000,identity,329.24752707619797,172.40736863214656,114.83829284344604,20.41191279049892,0.49544072948328266,0.9115501519756839,0.9613981762917934
japan,5,1000,adjacency,329.24940700800323,172.53589518287475,114.77558089180889,20.347460582082395,0.49361702127659574,0.9155015197568389,0.9671732522796352
japan,5,1000,uniform,329.234998666253,172.47977977522407,114.8089643264551,20.35504323938366,0.4911854103343465,0.9142857142857143,0.9659574468085106
japan,5,123,raw,338.82280806387973,218.41537955487254,67.91605668646571,31.153606929014362,0.5042553191489362,0.9072948328267477,0.9598784194528875
japan,5,123,identity,338.8901339583367,217.7853694671211,68.08730121786219,31.680184433019758,0.4993920972644377,0.9075987841945289,0.9626139817629179
japan,5,123,adjacency,338.88404231716066,217.985400902484,67.99716388709136,31.563684285109243,0.4981762917933131,0.9115501519756839,0.9650455927051672
japan,5,123,uniform,338.86596383338406,217.77159012324307,68.13966179473785,31.6176137801724,0.4927051671732523,0.9103343465045592,0.9650455927051672
japan,5,30,raw,369.7340983573718,204.34384700769374,101.56568623728113,39.60202397302008,0.5051671732522797,0.9246200607902736,0.9689969604863222
japan,5,30,identity,369.74398064887276,203.5977046480292,101.76741864575222,40.157055998804765,0.4878419452887538,0.9191489361702128,0.9656534954407295
japan,5,30,adjacency,369.73936212978134,203.81851779002255,101.69652115669626,40.00251940090717,0.48145896656534953,0.9185410334346504,0.9693009118541034
japan,5,30,uniform,369.7473866361414,203.7672672121717,101.73886800463266,40.01873221348878,0.4817629179331307,0.9206686930091186,0.9705167173252279
japan,5,30,attention,369.7481281006512,203.76122352859778,101.74066680687902,40.023855256353734,0.48206686930091186,0.9203647416413374,0.9705167173252279
japan,5,42,raw,329.8203118366114,200.7026784703684,79.15540524054127,28.796712382420754,0.5252279635258359,0.9234042553191489,0.9668693009118541
japan,5,42,identity,329.8280832540574,199.9667513727013,79.36010164996348,29.346600369911176,0.5091185410334347,0.9243161094224924,0.9683890577507599
japan,5,42,adjacency,329.8085542074382,200.2398743854641,79.24950063760457,29.15871614834048,0.5054711246200608,0.9240121580547113,0.9693009118541034
japan,5,42,uniform,329.8264511069433,200.1007663239904,79.36550168805825,29.19918535509213,0.503951367781155,0.9237082066869301,0.9699088145896656
japan,5,42,attention,329.82682362672426,200.09448419953995,79.36420989151877,29.208573438539297,0.5030395136778115,0.9234042553191489,0.9699088145896656
japan,5,45,raw,382.10210433072893,244.5386849223327,62.856944133209176,52.323241127507764,0.4987841945288754,0.9127659574468086,0.9586626139817629
japan,5,45,identity,382.0996897573723,244.15502795775117,62.81173639090794,52.7516300589181,0.5036474164133738,0.9203647416413374,0.9659574468085106
japan,5,45,adjacency,382.0866228119363,244.35850014716155,62.752686911683526,52.59444296009335,0.49544072948328266,0.9179331306990881,0.9665653495440729
japan,5,45,uniform,382.09772884620577,244.20388509507217,62.88228461603452,52.62844625402981,0.4966565349544073,0.9194528875379939,0.9662613981762918
japan,5,45,attention,382.0996028853777,244.2081991245455,62.88341838726677,52.624833720211186,0.4987841945288754,0.9197568389057751,0.9662613981762918
ltla_timeseries,14,1000,raw,50.12244188408959,11.872115537435228,21.637674087826255,13.430982955204344,0.2882424475166411,0.7597606246799795,0.9370999743983615
ltla_timeseries,14,1000,identity,48.423010324168054,20.301502459121263,16.124158952500547,8.818041721910113,0.5532514080901177,0.9433563748079877,0.9783986175115207
ltla_timeseries,14,1000,adjacency,48.38756523518776,20.01136055432601,16.29278399493731,8.90314370017235,0.5511232718894009,0.9443004352278546,0.9799027137736815
ltla_timeseries,14,1000,uniform,48.400737870563496,20.225441802135357,16.16133954374191,8.834400691305982,0.5528353814644137,0.9439004096262161,0.9788306451612904
ltla_timeseries,14,123,raw,46.62867370620446,13.91801093933734,21.663770041845478,8.049691650482464,0.35144649257552485,0.8196524577572964,0.8691436251920123
ltla_timeseries,14,123,identity,46.15964353690903,19.38376444238262,17.59035789147963,6.1889607902908095,0.544578853046595,0.9146345366103431,0.9602054531490015
ltla_timeseries,14,123,adjacency,46.10216190452933,19.150694613956247,17.743172250286182,6.210787391819309,0.5434907834101382,0.9152585765488991,0.9617095494111623
ltla_timeseries,14,123,uniform,46.13601437803887,19.31771424418592,17.630902368515375,6.190747619370878,0.5442108294930875,0.9147945468509985,0.9604134664618535
ltla_timeseries,14,30,raw,55.552837984034305,11.919176304591284,16.73488916088541,23.343163471064127,0.22204621095750127,0.7311347926267281,0.9198508704557091
ltla_timeseries,14,30,identity,53.50232828851937,21.750991114083813,12.08984926548407,16.108594888382235,0.5345942140296979,0.921979006656426,0.9750064004096262
ltla_timeseries,14,30,adjacency,53.44298867848985,21.34866408633517,12.238873948641265,16.301930356798536,0.5333941372247823,0.92357910906298,0.9761424731182796
ltla_timeseries,14,30,uniform,53.482044783451364,21.65077749296252,12.125234700729928,16.152765902843413,0.5340181771633384,0.9226670506912442,0.9753904249871992
ltla_timeseries,14,42,raw,41.02214921752172,9.766733241357937,24.915991212465663,3.6723688615840935,0.33442140296979006,0.8655593958013312,0.9473406298003072
ltla_timeseries,14,42,identity,40.51741547047964,15.866918191158828,19.449596480879947,2.5355823666501545,0.5377464157706093,0.9271153353814644,0.9723982334869432
ltla_timeseries,14,42,adjacency,40.44888921262416,15.543272477192742,19.713288066599002,2.525865284692477,0.5360343061955966,0.9286514336917563,0.9739663338453661
ltla_timeseries,14,42,uniform,40.48503493348898,15.777943125543343,19.516997549562355,2.524280805518994,0.5371543778801844,0.9280273937532002,0.9730222734254992
ltla_timeseries,14,45,raw,46.980845834311545,13.013440329537586,20.8684888478395,10.092310299933116,0.318868407578085,0.809507808499744,0.8671594982078853
ltla_timeseries,14,45,identity,46.241316555656894,19.64286220042265,16.863905857235274,6.73035016059829,0.5407386072708653,0.914810547875064,0.9660298259088582
ltla_timeseries,14,45,adjacency,46.18145709087315,19.401695708595845,16.99932864096346,6.77539751842731,0.5376984126984127,0.9156746031746031,0.9674059139784946
ltla_timeseries,14,45,uniform,46.21140647656042,19.577765664451054,16.893014065268286,6.736339372102818,0.5391865079365079,0.9150825652841782,0.966589861751152
ltla_timeseries,3,1000,raw,15.695608843996258,2.71648130101649,6.908498425064286,5.11279220932653,0.2318868407578085,0.7756656426011265,0.9000576036866359
ltla_timeseries,3,1000,identity,15.174880386151665,5.517067534393302,5.080712986268701,3.6193785293130554,0.5028321812596006,0.9131624423963134,0.9661578341013825
ltla_timeseries,3,1000,adjacency,15.124679785277172,5.370352819364615,5.141793950810976,3.6547706727943714,0.5007040450588838,0.9143145161290323,0.9676299283154122
ltla_timeseries,3,1000,uniform,15.14316641870723,5.455978290838239,5.102277682068464,3.6271734738330537,0.5016801075268817,0.9135144649257553,0.9668138760880697
ltla_timeseries,3,123,raw,16.08455358847403,2.1794792156887604,8.541041788828311,4.386014375388895,0.21287762416794676,0.6997087813620072,0.8482142857142857
ltla_timeseries,3,123,identity,15.243937082897292,5.431860532586753,6.015532033193894,2.8185631637681356,0.5037922427035331,0.9159626216077829,0.9646217357910907
ltla_timeseries,3,123,adjacency,15.203049364215275,5.283087035720412,6.096419540076773,2.845565917770224,0.5048163082437276,0.9174507168458781,0.965549795186892
ltla_timeseries,3,123,uniform,15.226153057262433,5.387575058412804,6.037245787541318,2.8233582486481392,0.5042562724014337,0.9167146697388633,0.9651177675371224
ltla_timeseries,3,30,raw,17.788676450480995,2.4493900379322895,9.101355731958005,5.182427056469627,0.2368951612903226,0.5415226574500768,0.8743759600614439
ltla_timeseries,3,30,identity,16.61738107103662,6.018948386658473,6.327369898613062,3.2158239531758928,0.5111687147977471,0.922187019969278,0.9733262928827445
ltla_timeseries,3,30,adjacency,16.584245774291876,5.882535806987831,6.398135785532021,3.248218313039003,0.5088165642601127,0.9242351510496671,0.9746383768561188
ltla_timeseries,3,30,uniform,16.604204557318297,5.981217443332378,6.346653938459325,3.221093896783818,0.509776625704045,0.9232110855094726,0.9740463389656938
ltla_timeseries,3,42,raw,15.774572327781462,2.8282523863235576,7.237905430946095,4.735337516539865,0.283442140296979,0.8003072196620584,0.9100582437275986
ltla_timeseries,3,42,identity,15.278269378159218,5.633905861296629,5.289569023426424,3.3817534120867236,0.5122887864823349,0.9163466461853559,0.9681259600614439
ltla_timeseries,3,42,adjacency,15.230603135107463,5.484168806479901,5.3598893351671935,3.4134843046464187,0.5098726318484383,0.9173387096774194,0.969550051203277
ltla_timeseries,3,42,uniform,15.254984100178406,5.5846143230213,5.309311108858116,3.3880112823348942,0.5108966973886329,0.9168586789554531,0.9688140040962622
ltla_timeseries,3,45,raw,16.937133875231844,2.462665540560836,8.301763367102149,5.145729530840962,0.26092869943676394,0.7938588069636456,0.9057379672299027
ltla_timeseries,3,45,identity,16.323869824013308,5.777972353620864,6.084199187246054,3.4347870121959527,0.5199852790578597,0.9129064260112647,0.9657418074756784
ltla_timeseries,3,45,adjacency,16.275516374452152,5.616928880464655,6.156105057160757,3.4755305284173335,0.5188332053251408,0.9143145161290323,0.9672299027137736
ltla_timeseries,3,45,uniform,16.298805761571796,5.72317954217618,6.106387349984485,3.4423187138575466,0.519489247311828,0.913626472094214,0.9664938556067588
ltla_timeseries,7,1000,raw,28.259052596254758,6.0073839683649775,15.38057941842278,5.057959231956271,0.28006592421915005,0.743423579109063,0.9260272657450077
ltla_timeseries,7,1000,identity,27.445982414447613,10.527276625626168,11.709014526201768,3.396606063916883,0.5234735023041475,0.9170986943164362,0.9660618279569892
ltla_timeseries,7,1000,adjacency,27.391585355774076,10.302060967999601,11.859362054502512,3.417038575871535,0.5223374295954941,0.918954813108039,0.9668618791602662
ltla_timeseries,7,1000,uniform,27.42214050140381,10.467837279527503,11.743466407760579,3.3977223289155813,0.5229774705581157,0.918010752688172,0.966589861751152
ltla_timeseries,7,123,raw,27.513717008499906,5.282485963028631,14.96304014244995,5.547209802645857,0.23417498719918076,0.7933627752176139,0.9133224526369688
ltla_timeseries,7,123,identity,26.651998255086642,9.786539115258606,11.470026229538679,3.6747889529403044,0.5088965693804404,0.9207789298515104,0.9642377112135176
ltla_timeseries,7,123,adjacency,26.60743735587023,9.587903753442914,11.585590483033469,3.7131699547836723,0.5075044802867383,0.921594982078853,0.9651977726574501
ltla_timeseries,7,123,uniform,26.63240970946578,9.730521628615637,11.499364962458115,3.6818752419347405,0.5078084997439836,0.9210349462365591,0.9649417562724014
ltla_timeseries,7,30,raw,29.76824746564259,5.373953015493953,18.281551761678376,4.222668351578705,0.2144937275985663,0.7834581413210445,0.9135464669738863
ltla_timeseries,7,30,identity,28.82274899414376,11.020767049987102,13.237446941012378,2.6748537447627556,0.5240175371223759,0.9318356374807988,0.9679659498207885
ltla_timeseries,7,30,adjacency,28.74729660021788,10.741684201630655,13.42823656854537,2.6875326348276545,0.522481438812084,0.933915770609319,0.9694860471070148
ltla_timeseries,7,30,uniform,28.7953556913228,10.952373030303878,13.27940595936751,2.6737912054819266,0.5229614695340502,0.9326196876600102,0.968717997951869
ltla_timeseries,7,30,attention,28.796386582085514,10.944595408460621,13.28278981230488,2.679238149198835,0.5223854326676908,0.9323796722990272,0.9682859703020993
ltla_timeseries,7,42,raw,29.134799664789224,5.4023584982303925,16.97732007920698,4.87771852223577,0.20369303635432667,0.772305427547363,0.9184267793138761
ltla_timeseries,7,42,identity,27.966162554933952,10.785364840860286,12.276158643417332,3.0272983634357313,0.5202732974910395,0.9268433179723502,0.96875
ltla_timeseries,7,42,adjacency,27.902426649207403,10.522774728311541,12.455848978041221,3.0464132171086984,0.518545186891961,0.9286514336917563,0.9700300819252432
ltla_timeseries,7,42,uniform,27.940948951495,10.721175493552565,12.314629080913239,3.0277879902168974,0.5194252432155658,0.9275153609831029,0.9693580389144906
ltla_timeseries,7,42,attention,27.944049684652214,10.719656582067765,12.315964958033362,3.0310867586530743,0.5187532002048131,0.926955325140809,0.9690220174091142
ltla_timeseries,7,45,raw,29.946342201130644,5.43593294268081,18.166995557871374,4.454966085832807,0.275681643625192,0.7583205325140809,0.9005056323604711
ltla_timeseries,7,45,identity,29.04625770694348,11.373951270877589,12.997347093358425,2.786774821937895,0.5332181259600615,0.9373559907834101,0.9686699948796723
ltla_timeseries,7,45,adjacency,28.970939253267236,11.080313558460329,13.203597218480773,2.7986650075777977,0.5312980030721967,0.9393081157194061,0.9700780849974399
ltla_timeseries,7,45,uniform,29.02169274135892,11.299946856368308,13.048765634973709,2.784678740834226,0.532226062467998,0.938300051203277,0.9692460317460317
ltla_timeseries,7,45,attention,29.020745077222593,11.29421866211848,13.049149554825165,2.789075480712716,0.5317140296979007,0.9379960317460317,0.9688620071684588
nhs_timeseries,14,1000,raw,5.564644746392807,1.8316824481282024,1.1543657928027866,2.212897398130242,0.3870710295291301,0.8778930566640064,0.9377494014365523
nhs_timeseries,14,1000,identity,5.396226689923069,2.2549115986777544,0.8611941903290798,1.916460660487675,0.49561053471668,0.8890662410215483,0.9385474860335196
nhs_timeseries,14,1000,adjacency,5.434403539447659,2.3007672557969303,0.863760301301471,1.904380272150313,0.4932162809257781,0.8994413407821229,0.9521149241819633
nhs_timeseries,14,1000,uniform,5.4324165986948385,2.2847954460792677,0.8668773307894273,1.915044714494567,0.4940143655227454,0.9002394253790902,0.9584996009577015
nhs_timeseries,14,123,raw,4.857936098866387,1.3907111557398082,1.4183270762723599,1.7248447598373249,0.3399840383080607,0.825219473264166,0.9289704708699122
nhs_timeseries,14,123,identity,4.707299939667295,1.8614036186279415,1.1390789678862103,1.3851237015860025,0.49561053471668,0.8890662410215483,0.9433359936153233
nhs_timeseries,14,123,adjacency,4.7310070491812475,1.880426921228229,1.1332331827204,1.3933061140135148,0.4948124501197127,0.8938547486033519,0.951316839584996
nhs_timeseries,14,123,uniform,4.732277876079494,1.8645594016908917,1.1373910345836442,1.4062743327880642,0.4932162809257781,0.8954509177972865,0.9553072625698324
nhs_timeseries,14,30,raw,8.686084293039325,2.556108673278056,0.42556995258286956,5.129661538867393,0.3599361532322426,0.7980845969672785,0.8930566640063847
nhs_timeseries,14,30,identity,8.422766576663506,3.204820752249588,0.33632330264235744,4.307009716703881,0.49241819632881084,0.8707102952913008,0.9241819632881085
nhs_timeseries,14,30,adjacency,8.442235728734454,3.1943482980620104,0.335449251643309,4.337703235926463,0.49241819632881084,0.8715083798882681,0.9345570630486831
nhs_timeseries,14,30,uniform,8.444997514517793,3.168065211963942,0.3398552904552935,4.362332883787551,0.49082202713487627,0.8731045490822027,0.9377494014365523
nhs_timeseries,14,30,attention,8.444488195679794,3.1669976808169467,0.3392156386318344,4.363530747920007,0.49082202713487627,0.87390263367917,0.936951316839585
nhs_timeseries,14,42,raw,5.752649552701949,3.2846054440116093,0.7043305883848046,1.3899056346838643,0.39664804469273746,0.9928172386272945,0.9992019154030327
nhs_timeseries,14,42,identity,5.437279833675469,2.5834125170997586,0.7329731794659297,1.7476444444383696,0.4213886671987231,0.8427773343974462,0.9018355945730248
nhs_timeseries,14,42,adjacency,5.470332548425888,2.668020733308939,0.7386338406091609,1.6900020498095871,0.42617717478052675,0.8635275339185954,0.9273743016759777
nhs_timeseries,14,42,uniform,5.477085547642033,2.68523906583785,0.7445066075705734,1.6734328857214922,0.4277733439744613,0.8747007182761373,0.9529130087789306
nhs_timeseries,14,42,attention,5.4784592400205145,2.6788771211596334,0.7415196565425333,1.684253916596799,0.42697525937749403,0.8691141260973663,0.9553072625698324
nhs_timeseries,14,45,raw,6.775384876717633,2.6143487009558206,0.5269896230515957,3.1860505189516393,0.4046288906624102,0.8874700718276137,0.9489225857940942
nhs_timeseries,14,45,identity,6.655599978800357,2.946032617148265,0.400238881812196,2.861437128656482,0.5011971268954509,0.8818834796488427,0.9385474860335196
nhs_timeseries,14,45,adjacency,6.675608304957322,3.014958874087218,0.4001514800545691,2.8125401325794015,0.5027932960893855,0.8930566640063847,0.9553072625698324
nhs_timeseries,14,45,uniform,6.677069587194058,3.0009701759207816,0.4051556238927411,2.8229495082020186,0.5027932960893855,0.897047086991221,0.9569034317637669
nhs_timeseries,14,45,attention,6.677230649565611,3.002496778400118,0.40495616283831715,2.82178323685186,0.5027932960893855,0.8954509177972865,0.9561053471667997
nhs_timeseries,3,1000,raw,1.037302938875978,0.2608923780672828,0.39981268089175565,0.3077712468160481,0.2601755786113328,0.8459696727853152,0.945730247406225
nhs_timeseries,3,1000,identity,1.0100797229796992,0.41413034860280107,0.3052694398179847,0.22186371169392566,0.48204309656823624,0.8786911412609737,0.9353551476456504
nhs_timeseries,3,1000,adjacency,1.0063145968989236,0.4098912502916107,0.30642353922088345,0.2211731742855379,0.47805267358339987,0.8818834796488427,0.9361532322426177
nhs_timeseries,3,1000,uniform,1.0053477562659363,0.4081362386797422,0.30596879637255014,0.22241608811275262,0.4764565043894653,0.8810853950518756,0.9385474860335196
nhs_timeseries,3,123,raw,1.7529784543270448,0.4082668254741041,0.2655450925228395,0.9657881867691588,0.2266560255387071,0.8683160415003991,0.9545091779728652
nhs_timeseries,3,123,identity,1.6808737742487612,0.6897212266637408,0.1620034908097583,0.71577070721432,0.49640861931364727,0.8747007182761373,0.9321628092577813
nhs_timeseries,3,123,adjacency,1.6793780193369725,0.6915661653829873,0.16307383203428702,0.7113581668776722,0.4932162809257781,0.8842777334397446,0.936951316839585
nhs_timeseries,3,123,uniform,1.6801644242144897,0.6915365354018074,0.1640336301317734,0.7112159091199668,0.4940143655227454,0.8866719872306464,0.942537909018356
nhs_timeseries,3,30,raw,1.0783958963562903,0.28019665336976207,0.261990668958221,0.46545121386337507,0.27214684756584195,0.86512370311253,0.9537110933758979
nhs_timeseries,3,30,identity,1.0542655731830943,0.4030354791768176,0.20173501020301998,0.37875075269785335,0.4684756584197925,0.8723064644852354,0.9265762170790104
nhs_timeseries,3,30,adjacency,1.0486223309373222,0.40208822768022173,0.20076976832908677,0.3750069747630817,0.4692737430167598,0.8754988028731046,0.9329608938547486
nhs_timeseries,3,30,uniform,1.0478866174995471,0.40340940604588305,0.20118959340774864,0.3725302578809835,0.46608140462889064,0.8762968874700718,0.9385474860335196
nhs_timeseries,3,30,attention,1.0478187747957837,0.4033034367747316,0.2009361010892663,0.3728218767668538,0.46608140462889064,0.8762968874700718,0.9377494014365523
nhs_timeseries,3,42,raw,1.0923428189931115,0.3255740038888377,0.22300112605272782,0.4724621789270678,0.26895450917797287,0.9018355945730248,0.9736632083000798
nhs_timeseries,3,42,identity,1.0556763695408078,0.42552307617002905,0.177520737525074,0.3814216331446326,0.46288906624102155,0.859537110933759,0.9162011173184358
nhs_timeseries,3,42,adjacency,1.0542758162368522,0.43407723707115176,0.17493891668847517,0.3739661935209761,0.4652833200319234,0.8707102952913008,0.9249800478850758
nhs_timeseries,3,42,uniform,1.0535326500474063,0.4359055282536087,0.17408878365861513,0.3722308740687323,0.4652833200319234,0.8762968874700718,0.9353551476456504
nhs_timeseries,3,42,attention,1.053551084989313,0.435628593359712,0.17445165099457,0.37216221815492656,0.46608140462889064,0.8754988028731046,0.9329608938547486
nhs_timeseries,3,45,raw,1.0503758601351605,0.3155942808615061,0.26369114190825044,0.40150774628024277,0.28890662410215484,0.888268156424581,0.9592976855546688
nhs_timeseries,3,45,identity,1.0263469142724202,0.41612967768633424,0.21035692042292498,0.3302775037632408,0.47007182761372707,0.8659217877094972,0.9265762170790104
nhs_timeseries,3,45,adjacency,1.0228288183905887,0.42178217429134235,0.2084326264743996,0.32303132653968547,0.47166799680766164,0.8762968874700718,0.9361532322426177
nhs_timeseries,3,45,uniform,1.0221275034383979,0.4222092966581021,0.20867369974870265,0.321661815946432,0.47086991221069435,0.8778930566640064,0.9401436552274541
nhs_timeseries,3,45,attention,1.0221484513752515,0.42210975283036645,0.20866306035166793,0.32179294710805584,0.47166799680766164,0.8770949720670391,0.9377494014365523
nhs_timeseries,7,1000,raw,3.7680364940002584,1.1046178153918866,0.41461991206509013,2.001206932009464,0.2833200319233839,0.8499600957701516,0.9361532322426177
nhs_timeseries,7,1000,identity,3.6801387778980272,1.535233212162129,0.2840206642353401,1.61329306696674,0.49082202713487627,0.879489225857941,0.928172386272945
nhs_timeseries,7,1000,adjacency,3.6752735186770633,1.52442777678523,0.2900415404846685,1.6132123668733462,0.48842777334397447,0.8802873104549083,0.931364724660814
nhs_timeseries,7,1000,uniform,3.67345120582786,1.5239613210842633,0.2913289104710388,1.6105691397387405,0.4868316041500399,0.8842777334397446,0.9393455706304868
nhs_timeseries,7,123,raw,2.7373449295584438,0.8287009736708076,0.9231883499093619,0.801663787452074,0.3200319233838787,0.86512370311253,0.951316839584996
nhs_timeseries,7,123,identity,2.6705859704018304,1.1121380883015362,0.7506390014029487,0.6243829807420612,0.4852354349561053,0.8858739026336792,0.9329608938547486
nhs_timeseries,7,123,adjacency,2.6681516843678663,1.1212809367111867,0.7445323539312164,0.6186472680046753,0.4868316041500399,0.8946528332003192,0.9441340782122905
nhs_timeseries,7,123,uniform,2.6706812503302366,1.1251122153463444,0.7440899087130276,0.6176873077446652,0.4852354349561053,0.8930566640063847,0.9465283320031923
nhs_timeseries,7,30,raw,5.2877198986156015,1.1724512570875325,0.19054069748700478,3.58213025324672,0.20989624900239426,0.7749401436552275,0.9010375099760575
nhs_timeseries,7,30,identity,5.046740593281141,2.1604820407786653,0.09757088567510791,2.4460899760330235,0.49162011173184356,0.8770949720670391,0.9241819632881085
nhs_timeseries,7,30,adjacency,5.034812353994313,2.1109464889377816,0.0975647082190307,2.483703466043155,0.49002394253790904,0.8778930566640064,0.9297685554668795
nhs_timeseries,7,30,uniform,5.031414499823806,2.083177154831496,0.0981053315921819,2.5075343226057836,0.48922585794094176,0.8786911412609737,0.9361532322426177
nhs_timeseries,7,30,attention,5.031422470354879,2.0845723914223164,0.09807301636494034,2.506179371773276,0.49002394253790904,0.8778930566640064,0.9353551476456504
nhs_timeseries,7,42,raw,2.537652925247578,0.5699543668442073,0.846444798564881,0.9555343845268751,0.24980047885075818,0.7597765363128491,0.87390263367917
nhs_timeseries,7,42,identity,2.4232627672478007,0.9719358818613518,0.6055128117455479,0.6801081472583356,0.475658419792498,0.8818834796488427,0.9329608938547486
nhs_timeseries,7,42,adjacency,2.415966677272662,0.9651979312772965,0.6054145120441833,0.6796348586395673,0.47406225059856344,0.8850758180367119,0.9409417398244214
nhs_timeseries,7,42,uniform,2.4157386904791314,0.9633335526633416,0.6073396100587255,0.6793461524454493,0.4764565043894653,0.8834796488427773,0.9433359936153233
nhs_timeseries,7,42,attention,2.415847289809091,0.9631773294521124,0.6075055436979803,0.679445041347383,0.475658419792498,0.8842777334397446,0.942537909018356
nhs_timeseries,7,45,raw,3.065097104970138,1.1094567750558304,0.7712010221753669,0.9792526650715845,0.35434956105347165,0.9177972865123704,0.9736632083000798
nhs_timeseries,7,45,identity,3.0041386434971415,1.2636241607037435,0.6639099993395182,0.8719308791160086,0.49241819632881084,0.8850758180367119,0.9345570630486831
nhs_timeseries,7,45,adjacency,3.004000114946859,1.299396735941488,0.650727351156329,0.848762590233501,0.4948124501197127,0.8906624102154829,0.9417398244213887
nhs_timeseries,7,45,uniform,3.0083289438428396,1.3095301200440213,0.6489785616086545,0.8446336195228075,0.4932162809257781,0.8914604948124502,0.9449321628092577
nhs_timeseries,7,45,attention,3.0074864041251392,1.3100582288576408,0.6480821672503971,0.844159365349745,0.4948124501197127,0.8898643256185156,0.9449321628092577
region785,10,1000,raw,415.8651098227358,216.3026274071195,119.65056971278227,54.97639953594266,0.48471337579617835,0.935031847133758,0.9808917197452229
region785,10,1000,identity,408.354392251769,198.37737446280408,126.82658883498601,58.31108630116182,0.4802547770700637,0.8910828025477707,0.956687898089172
region785,10,1000,adjacency,411.0989194305093,202.75426674278847,126.1197969023985,57.30796017023508,0.49044585987261147,0.9165605095541401,0.9707006369426752
region785,10,1000,uniform,411.9138341926216,205.09948301948643,125.1633224289888,56.73097813177623,0.49363057324840764,0.921656050955414,0.9732484076433121
region785,10,123,raw,318.9910900203699,156.86183149061753,110.37392128191969,31.627647220206967,0.5464968152866242,0.9573248407643312,0.9847133757961783
region785,10,123,identity,310.8555756512821,134.00415574137259,119.83462008671957,36.94339282329774,0.4961783439490446,0.8993630573248408,0.9528662420382166
region785,10,123,adjacency,313.3257823113588,139.25344507087132,118.47078988831383,35.49907237116038,0.5038216560509554,0.924203821656051,0.9700636942675159
region785,10,123,uniform,314.0629462728373,141.2065131134685,117.78621785912081,34.955803850092614,0.5057324840764331,0.932484076433121,0.9745222929936306
region785,10,30,raw,333.42472717578806,192.9929746357469,68.60250224538933,52.09038194676444,0.5751592356687898,0.954140127388535,0.9808917197452229
region785,10,30,identity,322.1551537426546,165.19487540063287,74.8990095952778,62.37741396900559,0.5089171974522293,0.8987261146496816,0.9496815286624204
region785,10,30,adjacency,324.83718420848845,170.64934640854148,74.460664153964,59.997646845347724,0.521656050955414,0.9248407643312102,0.9656050955414013
region785,10,30,uniform,325.7361315074941,172.50005296483334,74.11424646013101,59.38860277614577,0.5229299363057325,0.9305732484076433,0.9726114649681529
region785,10,42,raw,343.7956501482161,201.14701389336378,93.27967433261264,28.57895863870279,0.5898089171974522,0.9719745222929936,0.9929936305732484
region785,10,42,identity,329.5195594903398,168.70727514674527,104.7647283641495,35.38665351271464,0.5057324840764331,0.9159235668789809,0.9528662420382166
region785,10,42,adjacency,333.18067236973417,175.0874082267274,103.86815218892464,33.484432615893134,0.510828025477707,0.932484076433121,0.9700636942675159
region785,10,42,uniform,333.9782984274036,177.5060687834845,102.90798560238649,32.81650271854121,0.5095541401273885,0.9420382165605096,0.9764331210191083
region785,10,45,raw,357.5598924991453,193.17852687322562,109.98907909298234,32.58648097321651,0.5764331210191083,0.9503184713375796,0.9821656050955414
region785,10,45,identity,346.4029536238658,163.51634734589925,121.1720613811327,40.050159891395815,0.49363057324840764,0.9082802547770701,0.9528662420382166
region785,10,45,adjacency,349.05322548925005,170.3076026367617,119.31000645935156,37.68346833792528,0.5076433121019108,0.9292993630573249,0.9719745222929936
region785,10,45,uniform,349.9298669071435,172.64804137358718,118.51408335818574,36.99983342807071,0.510828025477707,0.9337579617834395,0.9764331210191083
region785,15,1000,raw,412.26876826839447,243.4538112772944,97.90525446717213,47.9149170928634,0.5515923566878981,0.9375796178343949,0.9738853503184713
region785,15,1000,identity,403.15955704792515,208.4328876432527,110.30915051618464,61.49269976633072,0.4789808917197452,0.8955414012738854,0.9490445859872612
region785,15,1000,adjacency,405.3823427295736,215.36456055335594,108.703876627439,58.31288136922234,0.4929936305732484,0.9178343949044586,0.9719745222929936
region785,15,1000,uniform,406.09498096388216,217.90246456460056,107.95064636786141,57.24043138442494,0.4961783439490446,0.9261146496815287,0.9745222929936306
region785,15,123,raw,456.9971812690872,271.4671147979293,131.92276275616805,27.75880920433397,0.640764331210191,0.9777070063694268,0.9942675159235669
region785,15,123,identity,435.6559499905765,212.58357058063643,153.7600691918685,43.55995045379073,0.4681528662420382,0.8980891719745223,0.9490445859872612
region785,15,123,adjacency,438.68620612179313,221.91232532215315,151.55040899767698,39.42010480659023,0.4770700636942675,0.9299363057324841,0.9700636942675159
region785,15,123,uniform,439.7550474578918,225.65971199434657,150.0653913501094,38.21697889277559,0.48152866242038217,0.9394904458598726,0.9789808917197452
region785,15,30,raw,407.7884817733838,259.33990363222495,63.50932690322779,61.96090890445461,0.597452229299363,0.9579617834394905,0.9796178343949045
region785,15,30,identity,395.623842819162,223.5953104064172,70.56424298414528,78.51267297197266,0.4968152866242038,0.8923566878980892,0.9477707006369427
region785,15,30,adjacency,397.44989927416924,229.65966784506153,69.67611657200477,75.14346223405707,0.5038216560509554,0.9229299363057325,0.9681528662420382
region785,15,30,uniform,398.22815546769766,232.31680723054876,69.2192358936837,73.71998263424831,0.5070063694267516,0.9318471337579618,0.9745222929936306
region785,15,30,attention,398.3847743343824,233.04935143268585,69.05683604303539,73.30714309692911,0.510828025477707,0.932484076433121,0.9751592356687898
region785,15,42,raw,458.77618872289275,263.63534190593214,137.25461423430735,31.69066368344417,0.5598726114649681,0.9713375796178344,0.9917197452229299
region785,15,42,identity,443.12537420930477,228.6402236616618,148.4059848179021,39.96264251431941,0.4942675159235669,0.9101910828025478,0.9509554140127389
region785,15,42,adjacency,446.4372936373525,236.41720034972056,146.53445949110753,37.302233750111704,0.5070063694267516,0.9305732484076433,0.9738853503184713
region785,15,42,uniform,447.5613445875373,239.2561391960335,145.64505142662472,36.475219677663915,0.5140127388535032,0.9414012738853503,0.9802547770700637
region785,15,42,attention,447.48523539374236,239.11084661907495,145.6819173117484,36.508234586896606,0.513375796178344,0.9407643312101911,0.9802547770700637
region785,15,45,raw,446.79357954133644,266.53773036245116,95.77674698754382,59.02054054494778,0.5980891719745223,0.9694267515923567,0.9917197452229299
region785,15,45,identity,434.2499926192932,232.51756986281123,107.15367080625884,69.39555024502516,0.49044585987261147,0.9121019108280255,0.9535031847133758
region785,15,45,adjacency,438.28349332568934,239.76598486888264,106.23471191647111,66.88175587440192,0.49872611464968153,0.9312101910828026,0.9719745222929936
region785,15,45,uniform,439.19019815579094,242.58883057327276,105.28270192294198,65.90131801721695,0.5038216560509554,0.9394904458598726,0.978343949044586
region785,15,45,attention,439.1011276155845,242.3681410865942,105.35157934241398,65.96503905254333,0.5031847133757962,0.9394904458598726,0.978343949044586
region785,3,1000,raw,209.15672062225383,118.68997157266068,58.566337348813335,19.801572968180047,0.7012738853503184,0.9643312101910828,0.9853503184713376
region785,3,1000,identity,197.50305206114055,90.12346677632883,66.97227802029676,28.362009595378687,0.5178343949044586,0.9076433121019108,0.9560509554140127
region785,3,1000,adjacency,199.4390634101762,94.0328891712286,66.24960383439256,27.095339667437248,0.5197452229299363,0.9331210191082803,0.9745222929936306
region785,3,1000,uniform,200.13897388722071,95.6491450726492,65.83065369264534,26.58984496762501,0.5261146496815287,0.9388535031847134,0.975796178343949
region785,3,123,raw,209.6801548371066,104.00885408541444,73.17423674813996,19.313786213868745,0.5847133757961783,0.9490445859872612,0.9834394904458599
region785,3,123,identity,203.16322786237785,83.79127353576939,81.775842158836,24.452994909196704,0.49554140127388535,0.9101910828025478,0.964968152866242
region785,3,123,adjacency,204.8220688643931,87.51713656360414,80.76813347181827,23.3635878675699,0.5082802547770701,0.9292993630573249,0.9751592356687898
region785,3,123,uniform,205.3805349114168,89.1485858363548,80.095959230395,22.961998315479445,0.5101910828025478,0.9337579617834395,0.9796178343949045
region785,3,30,raw,216.66025163036812,96.41678960501808,74.24746443413856,32.544882773877646,0.5726114649681529,0.9585987261146497,0.9859872611464968
region785,3,30,identity,211.56632856373838,83.77804764859401,79.5066313853194,34.87903285537589,0.4949044585987261,0.8974522292993631,0.9573248407643312
region785,3,30,adjacency,213.3628659998723,87.29342864959361,78.39351544347176,34.230311709010216,0.5031847133757962,0.9235668789808917,0.9719745222929936
region785,3,30,uniform,213.85944803523603,88.60822088857657,77.83194764941989,33.970196990219385,0.5031847133757962,0.9299363057324841,0.9738853503184713
region785,3,42,raw,211.34853664565696,81.17404153194556,94.2569128808999,22.43338946712476,0.5248407643312102,0.9509554140127389,0.9847133757961783
region785,3,42,identity,207.64729340440815,73.28730046054433,97.2728554331342,23.63146813930616,0.5012738853503185,0.8987261146496816,0.9585987261146497
region785,3,42,adjacency,209.0208041367523,76.39090754324907,96.22630504372046,22.91975389379968,0.5127388535031847,0.9229299363057325,0.9719745222929936
region785,3,42,uniform,209.46994203553206,77.59638086216327,95.70593322163903,22.683923004123187,0.5171974522292994,0.9286624203821656,0.9764331210191083
region785,3,45,raw,211.52625163137466,94.62856223734948,72.55772086544665,31.289905255522893,0.5719745222929936,0.9636942675159236,0.986624203821656
region785,3,45,identity,205.48081972243097,80.66458617905975,77.45592185664593,34.373920803431886,0.49745222929936306,0.9012738853503185,0.956687898089172
region785,3,45,adjacency,207.42767370220986,84.31689116407215,76.55185560741704,33.515974414450945,0.5089171974522293,0.921656050955414,0.9707006369426752
region785,3,45,uniform,207.97117916921982,85.71873723032117,76.05792632693236,33.150873044850385,0.5114649681528662,0.9299363057324841,0.9770700636942675
region785,5,1000,raw,261.1494751785666,100.19143863405942,108.9372887221838,35.25896380840989,0.49936305732484076,0.9146496815286624,0.967515923566879
region785,5,1000,identity,257.70490631467203,91.600115417605,112.93765398443853,36.465196401437076,0.4942675159235669,0.8853503184713376,0.9522292993630573
region785,5,1000,adjacency,259.2774257134374,95.0316722512766,111.71630101633085,35.77013772547459,0.4968152866242038,0.9070063694267516,0.9668789808917198
region785,5,1000,uniform,259.5730925946011,96.2361158854241,111.03196662411206,35.54493913789167,0.5012738853503185,0.9114649681528663,0.9694267515923567
region785,5,123,raw,281.65975443195305,117.6013006277299,129.56338202738758,17.30660086639434,0.5738853503184713,0.9515923566878981,0.9789808917197452
region785,5,123,identity,274.1007352369527,101.89920573883781,135.76326075795285,19.33425863457994,0.510828025477707,0.910828025477707,0.9624203821656051
region785,5,123,adjacency,276.7178501463551,106.26110634145299,134.62877876602093,18.650787439170685,0.5178343949044586,0.9305732484076433,0.9700636942675159
region785,5,123,uniform,277.45542658173446,108.2176066334694,133.75889107381428,18.298128039729264,0.5254777070063694,0.9369426751592357,0.9732484076433121
region785,5,30,raw,297.5407947018119,155.04244075233134,71.00181763500298,52.996570962738446,0.5547770700636943,0.9617834394904459,0.9847133757961783
region785,5,30,identity,290.90903729643,140.2034409312316,74.0923789878725,58.12858888357506,0.5050955414012739,0.9019108280254777,0.9522292993630573
region785,5,30,adjacency,292.6735468620881,144.340784194912,73.48153634864978,56.34810322631069,0.5146496815286624,0.924203821656051,0.9707006369426752
region785,5,30,uniform,293.25752408604586,145.56471471691825,73.25430951877765,55.937051737536294,0.5203821656050955,0.9343949044585987,0.9751592356687898
region785,5,42,raw,273.97920682794205,134.45379743681823,99.78980653161192,23.45481782222316,0.5993630573248407,0.9490445859872612,0.9802547770700637
region785,5,42,identity,266.773989336945,112.11927058363001,108.73535247232007,29.67353835648627,0.49936305732484076,0.9,0.9484076433121019
region785,5,42,adjacency,268.6912991884423,116.77809327784507,107.60488322856055,28.0350435810649,0.5019108280254777,0.9210191082802548,0.9668789808917198
region785,5,42,uniform,269.2189872467227,118.49782700092263,106.84228321120733,27.60228343204064,0.5063694267515924,0.9305732484076433,0.9719745222929936
region785,5,45,raw,249.122734646088,106.43599933037426,86.97656512652628,39.79088535979658,0.5165605095541401,0.9318471337579618,0.9738853503184713
region785,5,45,identity,245.87848370290126,98.01330534905736,90.18876196009008,41.81223998182008,0.4968152866242038,0.9101910828025478,0.9560509554140127
region785,5,45,adjacency,247.35015637149363,101.32419045851306,88.97791616964854,41.13469245042936,0.5044585987261146,0.9305732484076433,0.9713375796178344
region785,5,45,uniform,247.732257167546,102.48859662914276,88.5507706456751,40.77505183164448,0.5057324840764331,0.9312101910828026,0.9732484076433121
state360,10,1000,raw,56.63408205764379,27.483932419958744,18.19839821950249,7.190480132853621,0.5150226757369615,0.9084467120181405,0.9560657596371882
state360,10,1000,identity,54.49005115883821,22.81687199307458,19.477628228988895,8.464257853997598,0.48781179138321995,0.8925736961451247,0.9486961451247166
state360,10,1000,adjacency,55.44074774257329,25.144101529833204,18.990777801962857,7.549160131621406,0.5034013605442177,0.9183673469387755,0.9662698412698413
state360,10,1000,uniform,55.16703642466942,24.4141058957445,19.208841247068147,7.791616648829314,0.4988662131519274,0.9246031746031746,0.9674036281179138
state360,10,123,raw,54.537256785197485,26.828795645057813,17.77309936443242,6.386963496890562,0.49943310657596374,0.9152494331065759,0.9606009070294784
state360,10,123,identity,52.26890344205582,22.5069520225138,18.93226049017456,7.3302495317056335,0.4957482993197279,0.8956916099773242,0.9467120181405896
state360,10,123,adjacency,53.4398148092119,24.667189615572276,18.612848376926323,6.618518617036109,0.5085034013605442,0.9206349206349206,0.9654195011337868
state360,10,123,uniform,53.13653038746944,23.99850899075748,18.790514056900367,6.81173968106805,0.5031179138321995,0.9226190476190477,0.9674036281179138
state360,10,30,raw,58.3276458596362,28.022592011553805,19.888750155515588,6.652943447141162,0.4971655328798186,0.9135487528344671,0.9645691609977324
state360,10,30,identity,56.07150448191969,23.90573724691498,21.028709212023692,7.439361362481428,0.49688208616780044,0.8888888888888888,0.9489795918367347
state360,10,30,adjacency,57.31458044902687,26.15091317933747,20.591974171388493,6.821074583621392,0.5062358276643991,0.9126984126984127,0.9648526077097506
state360,10,30,uniform,56.96428700493501,25.427581905420134,20.82630364067818,6.964450081854978,0.5073696145124716,0.9169501133786848,0.9665532879818595
state360,10,42,raw,58.10492339813229,29.387217365667674,18.348657375651683,6.6930844793288085,0.5011337868480725,0.9155328798185941,0.9665532879818595
state360,10,42,identity,55.3492069643447,24.232639790799308,19.366874740060993,8.124660476178363,0.4985827664399093,0.8914399092970522,0.9481292517006803
state360,10,42,adjacency,56.64971211315917,26.710412356956283,19.128045543725644,7.142556895653688,0.5110544217687075,0.9166666666666666,0.9659863945578231
state360,10,42,uniform,56.19116716915388,25.805202310204113,19.291606377192842,7.4371690056996975,0.5053854875283447,0.9203514739229025,0.9671201814058957
state360,10,45,raw,60.22973741892229,28.354233705444027,20.85133427103414,7.204021142203815,0.4812925170068027,0.9005102040816326,0.951530612244898
state360,10,45,identity,57.70973445122939,24.221197131277275,21.474385556435543,8.238732903149781,0.48441043083900226,0.893140589569161,0.949546485260771
state360,10,45,adjacency,58.93659969370442,26.46379236706083,21.256705456994453,7.405759869560409,0.5002834467120182,0.91921768707483,0.963718820861678
state360,10,45,uniform,58.520487568599904,25.595471454561764,21.45570713764674,7.663269071227039,0.4985827664399093,0.9220521541950113,0.9648526077097506
state360,15,1000,raw,64.50699123222356,28.98566071317098,23.5738560116398,7.733789983545137,0.5022675736961452,0.8945578231292517,0.951530612244898
state360,15,1000,identity,62.65731251118782,23.719824547527683,25.101379394362304,9.648511523566901,0.465702947845805,0.8832199546485261,0.9441609977324263
state360,15,1000,adjacency,63.214942401966255,26.160655131889683,24.399727745428073,8.444441281190747,0.4793083900226757,0.9098639455782312,0.965702947845805
state360,15,1000,uniform,63.0056510802289,25.212436357206943,24.758855114476013,8.824938981491092,0.47505668934240364,0.9124149659863946,0.9651360544217688
state360,15,123,raw,62.632257922493515,33.35140487587888,17.40467654859821,7.924641182933183,0.5439342403628118,0.9143990929705216,0.9603174603174603
state360,15,123,identity,59.42055313484899,26.076703866380605,19.085060086290444,10.3326709134291,0.46910430839002265,0.8852040816326531,0.9424603174603174
state360,15,123,adjacency,60.48198858959103,28.653913681539734,18.774534094663316,9.105696077171626,0.4827097505668934,0.9172335600907029,0.9654195011337868
state360,15,123,uniform,60.041124266402676,27.74552172645967,18.946982998164767,9.402130476071923,0.4756235827664399,0.9178004535147393,0.9665532879818595
state360,15,30,raw,66.50386524365189,33.031770441324404,18.757633352816182,10.467393638306287,0.4906462585034014,0.8976757369614512,0.9481292517006803
state360,15,30,identity,64.00160666842639,27.437539093690432,20.24606282388795,12.133101635385662,0.4671201814058957,0.8778344671201814,0.9438775510204082
state360,15,30,adjacency,64.97007534654688,29.797115006524358,19.852951172541307,11.088169299569236,0.4722222222222222,0.9087301587301587,0.9648526077097506
state360,15,30,uniform,64.63997124951341,28.819690806256023,20.162576740475952,11.43065482475114,0.47165532879818595,0.9121315192743764,0.9648526077097506
state360,15,42,raw,65.82175828856731,32.33186103152279,18.823452642891734,10.345390129615883,0.4846938775510204,0.9058956916099773,0.9560657596371882
state360,15,42,identity,63.597964636376624,27.81203841624699,19.731203884280056,11.769393730344861,0.47278911564625853,0.8954081632653061,0.9506802721088435
state360,15,42,adjacency,64.6938069652744,30.016841357964214,19.531974061292257,10.823740443958693,0.4895124716553288,0.9189342403628118,0.9693877551020408
state360,15,42,uniform,64.40831282214191,29.196222058135593,19.779141199952527,11.112244312763568,0.48100907029478457,0.9217687074829932,0.969954648526077
state360,15,45,raw,65.32903142188037,29.69008672587523,20.615010232996752,10.760076167535164,0.47534013605442177,0.8917233560090703,0.9452947845804989
state360,15,45,identity,63.46829099446834,25.849155391600384,21.220511797945207,12.178501606830817,0.4651360544217687,0.8843537414965986,0.9458616780045351
state360,15,45,adjacency,64.1684305951093,27.72808923168676,21.08669516424226,11.098366262031462,0.4793083900226757,0.9149659863945578,0.9665532879818595
state360,15,45,uniform,63.965025689955176,26.984280751616687,21.286506923979395,11.441068265289228,0.47845804988662133,0.9141156462585034,0.9688208616780045
state360,3,1000,raw,38.421390250756545,14.315728669115662,16.062843847936467,5.5355559734448185,0.45549886621315194,0.8922902494331065,0.9532312925170068
state360,3,1000,identity,37.663315657261364,12.896447087305514,16.396746643192433,5.867773211949631,0.5130385487528345,0.893140589569161,0.9520975056689343
state360,3,1000,adjacency,38.13026558297417,14.168656577492012,16.044777913384685,5.4108706536855875,0.5277777777777778,0.9180839002267573,0.9642857142857143
state360,3,1000,uniform,38.051326445283394,13.910189396874472,16.145896346556665,5.490005440578815,0.5260770975056689,0.9189342403628118,0.9674036281179138
state360,3,123,raw,39.46269207548222,16.757659293840877,14.87008814945895,5.303762080584371,0.48356009070294786,0.907312925170068,0.9589002267573696
state360,3,123,identity,38.419794611738375,14.276266467339799,15.427214227344269,6.190420736247744,0.501984126984127,0.8877551020408163,0.9458616780045351
state360,3,123,adjacency,38.95815813111809,15.875808311791046,15.049247552848339,5.501951596678261,0.5206916099773242,0.9175170068027211,0.9654195011337868
state360,3,123,uniform,38.82077702377947,15.409174537684468,15.198224278045137,5.68226535519875,0.516156462585034,0.9203514739229025,0.9648526077097506
state360,3,30,raw,39.0460462380231,15.057456376679452,16.469756224935406,5.003531440416702,0.477891156462585,0.8988095238095238,0.9546485260770975
state360,3,30,identity,38.12150386418002,13.018968981651131,17.124822277819973,5.475011545288061,0.5189909297052154,0.8942743764172335,0.9492630385487528
state360,3,30,adjacency,38.71123419435954,14.517307251136062,16.6530546791103,5.026308780943549,0.5277777777777778,0.9163832199546486,0.9642857142857143
state360,3,30,uniform,38.594779848232086,14.17606503877411,16.77669399158584,5.127815738039752,0.5286281179138322,0.9180839002267573,0.9665532879818595
state360,3,42,raw,38.09016707509606,15.37549069979032,13.955401750864874,6.301066594720063,0.4387755102040816,0.8809523809523809,0.9478458049886621
state360,3,42,identity,37.41611772653043,14.137046230753889,14.191051182856896,6.634883042907886,0.5130385487528345,0.8854875283446711,0.9452947845804989
state360,3,42,adjacency,37.82746232805846,15.30593220444934,13.86374089809655,6.199468888309325,0.520124716553288,0.9107142857142857,0.9634353741496599
state360,3,42,uniform,37.74898456080446,15.064510627499683,13.93269012263426,6.29303335734641,0.5204081632653061,0.9138321995464853,0.9640022675736961
state360,3,45,raw,39.010958854310275,14.998399917818553,16.75892589262201,4.723194871838601,0.4523809523809524,0.8934240362811792,0.9526643990929705
state360,3,45,identity,38.17846172361791,13.335503387913713,17.185061696063634,5.136954507638362,0.4977324263038549,0.8903061224489796,0.9444444444444444
state360,3,45,adjacency,38.67293713188515,14.63420099515856,16.808890029711623,4.70067680199083,0.5178571428571429,0.9143990929705216,0.9608843537414966
state360,3,45,uniform,38.576485336791144,14.33716859913815,16.90926118778146,4.801143044311479,0.5167233560090703,0.9160997732426304,0.9620181405895691
state360,5,1000,raw,47.23248537781135,18.952047750735517,18.997790677866487,6.230279331073938,0.47392290249433106,0.8968253968253969,0.9549319727891157
state360,5,1000,identity,45.97644584760359,16.713805900400327,19.4911066179508,6.740196134680229,0.5002834467120182,0.8914399092970522,0.9484126984126984
state360,5,1000,adjacency,46.687744472591504,18.30051574092355,19.15410725602846,6.181017908751289,0.51218820861678,0.9155328798185941,0.963718820861678
state360,5,1000,uniform,46.54026596146211,17.873643120483397,19.293051000554847,6.324005770688284,0.5062358276643991,0.9178004535147393,0.965702947845805
state360,5,123,raw,46.07221363031707,20.597585569451187,17.87064960213305,4.683073692064155,0.5022675736961452,0.9160997732426304,0.9654195011337868
state360,5,123,identity,44.396139079963085,17.63264682917578,18.644597615746605,5.216489294712259,0.5065192743764172,0.8979591836734694,0.9506802721088435
state360,5,123,adjacency,45.35839723724983,19.4526272905239,18.269056204843423,4.716707983996746,0.520124716553288,0.9217687074829932,0.9665532879818595
state360,5,123,uniform,45.06929935940719,18.921501964613928,18.414583735508078,4.815802156084872,0.5192743764172335,0.9251700680272109,0.969671201814059
state360,5,30,raw,47.79877260889776,23.121798875691866,12.334310589910412,9.370464464967435,0.4560657596371882,0.9044784580498866,0.9574829931972789
state360,5,30,identity,46.338177412593275,20.125957058033908,12.858795445397341,10.391693404917474,0.5002834467120182,0.8973922902494331,0.9489795918367347
state360,5,30,adjacency,47.160705497465166,22.045684312980978,12.560633074632882,9.583470566280315,0.5187074829931972,0.9197845804988662,0.9651360544217688
state360,5,30,uniform,46.90657488946757,21.481890615780873,12.66073768582321,9.795349517326835,0.5150226757369615,0.9268707482993197,0.9662698412698413
state360,5,42,raw,46.81946933491468,19.424079225456573,17.815540098669754,6.610180250891188,0.47307256235827666,0.8925736961451247,0.9549319727891157
state360,5,42,identity,45.50730892920756,17.06009177188269,18.30560647023919,7.18201358916197,0.5014172335600907,0.8925736961451247,0.949546485260771
state360,5,42,adjacency,46.213558652187594,18.7648626859341,17.91280268048654,6.566512266662621,0.5178571428571429,0.9155328798185941,0.9651360544217688
state360,5,42,uniform,46.00300398703197,18.290853417555304,18.035059553410637,6.70848003632892,0.51218820861678,0.9172335600907029,0.9674036281179138
state360,5,45,raw,47.087819583638,19.69811881144774,18.050814492773238,6.376109461396577,0.5017006802721088,0.8937074829931972,0.9526643990929705
state360,5,45,identity,45.74545879626506,17.541310250203278,18.309887924217723,6.936537268117877,0.5113378684807256,0.8968253968253969,0.9518140589569161
state360,5,45,adjacency,46.491210999776,19.2006710901462,18.005036031132995,6.3230237929038635,0.5289115646258503,0.9200680272108843,0.9642857142857143
state360,5,45,uniform,46.325324871928295,18.738753085415656,18.154391579343926,6.469925814862907,0.5260770975056689,0.921201814058957,0.9674036281179138
