dataset,horizon,n_seeds,rmse_frozen,rmse_revived,delta_pct_mean,delta_pct_median,delta_pct_sd,seeds_improved,wilcoxon_p
australia-covid,3,5,174.1201196,220.72182080000002,341.8888641638661,-9.706775716638429,748.36535033795,3,1.0
australia-covid,7,5,432.7584866,420.2762576,-2.602316847131246,-2.8960648614972047,3.8259686565829525,3,0.3125
australia-covid,14,5,465.4782822,435.03692920000003,-3.8770741241059787,-6.196986618513368,14.242766982607725,4,0.3125
japan,3,5,1509.999323,1564.7705250000004,4.562504966395345,1.4668830791286303,14.524688474484364,2,0.8125
japan,5,5,1342.8042351999998,1390.5175304,3.661986331305156,2.401904380766721,4.818115785724751,1,0.1875
japan,10,5,1867.7617937999999,1975.4131346000001,6.1945029241832135,6.845614875487452,5.607136855496766,1,0.125
japan,15,5,1812.8254952,1939.8883082,8.162857227987207,2.6077989107773365,18.57098478908046,2,0.625
ltla_timeseries,3,5,50.5239512,50.64595620000001,0.24253882329280127,0.017353208191353022,0.6452871304343952,2,0.4375
ltla_timeseries,7,5,84.4870378,84.31636879999999,-0.14936351543397136,-0.25647177938794047,2.8442621031126456,3,1.0
ltla_timeseries,14,5,128.7790338,120.78992860000001,-5.584422473864381,-0.04079626705581472,10.260737730716766,5,0.0625
nhs_timeseries,3,5,2.5188078000000003,2.7870408,11.106401570431075,5.215863665826301,16.284523860153406,0,0.0625
nhs_timeseries,7,5,7.556220000000001,7.210488000000001,-4.2239850067971405,-1.214165299571674,6.7682658308604715,3,0.4375
nhs_timeseries,14,5,14.2976404,13.507249199999999,4.854259294576203,-9.184944370458892,61.86525880742199,4,0.625
region785,3,5,659.0572826,677.1936957999999,2.7873514864618296,5.7834167022881005,5.019388439301683,2,0.3125
region785,5,5,801.1945598,800.1987618,0.02039824514083577,-1.1671202290934561,4.17099508987267,3,1.0
region785,10,5,904.9615598,955.3694228,5.686393665929795,3.8214320120099794,6.785435500415175,1,0.125
region785,15,5,1008.2885612,940.8714908,-6.592599838266899,-6.3482663493031755,4.486951081233916,5,0.0625
state360,3,5,165.67652,167.9193264,1.4547126940350477,-1.3735933378098517,6.5843782297785465,3,0.8125
state360,5,5,182.4964434,187.6789256,2.8285250023349606,5.089598698073368,4.5769326168066495,2,0.3125
state360,10,5,216.4308854,223.47722520000002,3.4718349784620903,1.1157234657364237,9.709346560909317,2,0.625
state360,15,5,242.1722644,248.50336320000002,2.951965567074244,5.373976891098552,10.515418330022138,2,0.625
