wis,wis_dispersion,wis_overprediction,wis_underprediction,cov50,cov90,cov95,model,dataset,horizon,seed,ablation,variant,split,n_test
104.01650195459408,90.22962646528447,4.769933787324923,4.854366310472999,0.546875,0.8973214285714286,0.9542410714285714,MSAGAT-Net,australia-covid,14,1000,none,with_adj.loggrowth.quant,test,112
131.40733512228263,90.4381438459213,32.582707504637725,0.6965595865564317,0.5569196428571429,0.9308035714285714,0.9587053571428571,MSAGAT-Net,australia-covid,14,123,none,with_adj.loggrowth.quant,test,112
148.5239645352321,96.95118596989444,42.658373856419544,0.802068814033677,0.5591517857142857,0.9419642857142857,0.9709821428571429,MSAGAT-Net,australia-covid,14,30,none,with_adj.loggrowth.quant,test,112
132.078321374125,90.80645125869152,31.93965778446623,1.056616944891418,0.6529017857142857,0.9430803571428571,0.9598214285714286,MSAGAT-Net,australia-covid,14,42,none,with_adj.loggrowth.quant,test,112
110.91270984181688,96.9151322977552,9.979202919309925,0.8797554131828667,0.5591517857142857,0.8984375,0.9598214285714286,MSAGAT-Net,australia-covid,14,45,none,with_adj.loggrowth.quant,test,112
86.82874469264671,31.291492814495818,1.163333160877922,48.50214227460186,0.35714285714285715,0.9263392857142857,0.9799107142857143,MSAGAT-Net,australia-covid,3,1000,none,with_adj.loggrowth.quant,test,112
23.638780272838005,17.611242110011233,4.459183435892883,0.7662827624412982,0.5089285714285714,0.9029017857142857,0.9665178571428571,MSAGAT-Net,australia-covid,3,123,none,with_adj.loggrowth.quant,test,112
23.79193898490584,20.74907697521781,1.270751949486479,1.2245719665487915,0.5089285714285714,0.9017857142857143,0.9754464285714286,MSAGAT-Net,australia-covid,3,30,none,with_adj.loggrowth.quant,test,112
43.04459832053673,23.51209707686001,16.242365408665645,0.8372364251625648,0.42410714285714285,0.9508928571428571,0.9866071428571429,MSAGAT-Net,australia-covid,3,42,none,with_adj.loggrowth.quant,test,112
29.64205211590704,20.21202148427383,7.197596191648417,0.7587515535585074,0.49776785714285715,0.9129464285714286,0.9776785714285714,MSAGAT-Net,australia-covid,3,45,none,with_adj.loggrowth.quant,test,112
103.10776637818323,62.25141449562552,32.51425208492054,0.7987741464575441,0.5669642857142857,0.8716517857142857,0.9709821428571429,MSAGAT-Net,australia-covid,7,1000,none,with_adj.loggrowth.quant,test,112
106.74638738723947,49.07058939695047,49.61742559184107,0.753880405312647,0.4955357142857143,0.9296875,0.9743303571428571,MSAGAT-Net,australia-covid,7,123,none,with_adj.loggrowth.quant,test,112
70.49798558651018,45.77271032934459,20.405086540599694,0.6162339705765618,0.49888392857142855,0.9040178571428571,0.9654017857142857,MSAGAT-Net,australia-covid,7,30,none,with_adj.loggrowth.quant,test,112
81.58475115243971,54.58032293564264,20.919092845391507,0.9456462069466618,0.5357142857142857,0.9196428571428571,0.96875,MSAGAT-Net,australia-covid,7,42,none,with_adj.loggrowth.quant,test,112
101.52591802810123,73.60580922971029,21.56875675301189,0.5668110167202743,0.7008928571428571,0.8604910714285714,0.9341517857142857,MSAGAT-Net,australia-covid,7,45,none,with_adj.loggrowth.quant,test,112
504.90721106205694,326.12722182048947,115.20509499705923,31.183562349709145,0.558966565349544,0.9525835866261398,0.9826747720364741,MSAGAT-Net,japan,10,1000,none,with_adj.loggrowth.quant,test,70
585.2059192533453,438.3065632880638,71.95754619430043,44.765231096344394,0.603951367781155,0.9480243161094225,0.9790273556231003,MSAGAT-Net,japan,10,123,none,with_adj.loggrowth.quant,test,70
498.29549089709764,344.29439326358414,89.1842065845217,34.74610959975804,0.5693009118541034,0.9443768996960487,0.9768996960486322,MSAGAT-Net,japan,10,30,none,with_adj.loggrowth.quant,test,70
477.0235532075881,251.97178173403907,161.24412171659498,32.03936184496771,0.4668693009118541,0.9416413373860182,0.9884498480243161,MSAGAT-Net,japan,10,42,none,with_adj.loggrowth.quant,test,70
461.4417887944757,275.193809489609,130.92301618062285,19.806299494523362,0.5416413373860183,0.9355623100303951,0.9729483282674772,MSAGAT-Net,japan,10,45,none,with_adj.loggrowth.quant,test,70
504.92476577582426,287.8453654951041,159.89170383587845,24.935478042051724,0.5443768996960486,0.9340425531914893,0.9699088145896656,MSAGAT-Net,japan,15,1000,none,with_adj.loggrowth.quant,test,70
538.3429020484864,373.0398702481034,106.6559097954977,27.832859443115307,0.6127659574468085,0.9768996960486322,0.9908814589665653,MSAGAT-Net,japan,15,123,none,with_adj.loggrowth.quant,test,70
579.8150611564517,413.06713517098416,102.73497378488062,32.388550856426306,0.5844984802431611,0.9349544072948328,0.9613981762917934,MSAGAT-Net,japan,15,30,none,with_adj.loggrowth.quant,test,70
573.9644681408739,426.8459424788636,96.03199989560005,19.97083464074642,0.6382978723404256,0.956838905775076,0.9802431610942249,MSAGAT-Net,japan,15,42,none,with_adj.loggrowth.quant,test,70
746.6729695979858,532.0479315279343,72.59160545290233,103.0034199507293,0.5957446808510638,0.9297872340425531,0.9632218844984802,MSAGAT-Net,japan,15,45,none,with_adj.loggrowth.quant,test,70
307.95788117926446,116.67044708556408,148.85461182961836,21.96289369697156,0.4848024316109423,0.9109422492401216,0.9586626139817629,MSAGAT-Net,japan,3,1000,none,with_adj.loggrowth.quant,test,70
339.1471311820679,148.0019366749075,106.18486251003664,62.967106948592665,0.45045592705167176,0.9045592705167174,0.9613981762917934,MSAGAT-Net,japan,3,123,none,with_adj.loggrowth.quant,test,70
270.6782156846597,116.72284056160419,95.61746103089317,39.97144669670874,0.43343465045592705,0.8820668693009118,0.9419452887537993,MSAGAT-Net,japan,3,30,none,with_adj.loggrowth.quant,test,70
283.0000953027411,121.57402535328269,119.55535265957803,23.138475046413678,0.45987841945288754,0.8957446808510638,0.9531914893617022,MSAGAT-Net,japan,3,42,none,with_adj.loggrowth.quant,test,70
444.0072744564507,164.82196941969494,106.9784069063217,143.42933642010843,0.3951367781155015,0.8498480243161094,0.9300911854103343,MSAGAT-Net,japan,3,45,none,with_adj.loggrowth.quant,test,70
329.2181465357713,172.7408184915755,114.64937014671774,20.236855178555487,0.48936170212765956,0.9088145896656535,0.9610942249240122,MSAGAT-Net,japan,5,1000,none,with_adj.loggrowth.quant,test,70
338.82280806387973,218.41537955487254,67.91605668646571,31.153606929014362,0.5042553191489362,0.9072948328267477,0.9598784194528875,MSAGAT-Net,japan,5,123,none,with_adj.loggrowth.quant,test,70
369.7340983573718,204.34384700769374,101.56568623728113,39.60202397302008,0.5051671732522797,0.9246200607902736,0.9689969604863222,MSAGAT-Net,japan,5,30,none,with_adj.loggrowth.quant,test,70
329.8203118366114,200.7026784703684,79.15540524054127,28.796712382420754,0.5252279635258359,0.9234042553191489,0.9668693009118541,MSAGAT-Net,japan,5,42,none,with_adj.loggrowth.quant,test,70
382.10210433072893,244.5386849223327,62.856944133209176,52.323241127507764,0.4987841945288754,0.9127659574468086,0.9586626139817629,MSAGAT-Net,japan,5,45,none,with_adj.loggrowth.quant,test,70
50.12244188408959,11.872115537435228,21.637674087826255,13.430982955204344,0.2882424475166411,0.7597606246799795,0.9370999743983615,MSAGAT-Net,ltla_timeseries,14,1000,none,with_adj.loggrowth.quant,test,168
46.62867370620446,13.91801093933734,21.663770041845478,8.049691650482464,0.35144649257552485,0.8196524577572964,0.8691436251920123,MSAGAT-Net,ltla_timeseries,14,123,none,with_adj.loggrowth.quant,test,168
55.552837984034305,11.919176304591284,16.73488916088541,23.343163471064127,0.22204621095750127,0.7311347926267281,0.9198508704557091,MSAGAT-Net,ltla_timeseries,14,30,none,with_adj.loggrowth.quant,test,168
41.02214921752172,9.766733241357937,24.915991212465663,3.6723688615840935,0.33442140296979006,0.8655593958013312,0.9473406298003072,MSAGAT-Net,ltla_timeseries,14,42,none,with_adj.loggrowth.quant,test,168
46.980845834311545,13.013440329537586,20.8684888478395,10.092310299933116,0.318868407578085,0.809507808499744,0.8671594982078853,MSAGAT-Net,ltla_timeseries,14,45,none,with_adj.loggrowth.quant,test,168
15.695608843996258,2.71648130101649,6.908498425064286,5.11279220932653,0.2318868407578085,0.7756656426011265,0.9000576036866359,MSAGAT-Net,ltla_timeseries,3,1000,none,with_adj.loggrowth.quant,test,168
16.08455358847403,2.1794792156887604,8.541041788828311,4.386014375388895,0.21287762416794676,0.6997087813620072,0.8482142857142857,MSAGAT-Net,ltla_timeseries,3,123,none,with_adj.loggrowth.quant,test,168
17.788676450480995,2.4493900379322895,9.101355731958005,5.182427056469627,0.2368951612903226,0.5415226574500768,0.8743759600614439,MSAGAT-Net,ltla_timeseries,3,30,none,with_adj.loggrowth.quant,test,168
15.774572327781462,2.8282523863235576,7.237905430946095,4.735337516539865,0.283442140296979,0.8003072196620584,0.9100582437275986,MSAGAT-Net,ltla_timeseries,3,42,none,with_adj.loggrowth.quant,test,168
16.937133875231844,2.462665540560836,8.301763367102149,5.145729530840962,0.26092869943676394,0.7938588069636456,0.9057379672299027,MSAGAT-Net,ltla_timeseries,3,45,none,with_adj.loggrowth.quant,test,168
28.259052596254758,6.0073839683649775,15.38057941842278,5.057959231956271,0.28006592421915005,0.743423579109063,0.9260272657450077,MSAGAT-Net,ltla_timeseries,7,1000,none,with_adj.loggrowth.quant,test,168
27.513717008499906,5.282485963028631,14.96304014244995,5.547209802645857,0.23417498719918076,0.7933627752176139,0.9133224526369688,MSAGAT-Net,ltla_timeseries,7,123,none,with_adj.loggrowth.quant,test,168
29.76824746564259,5.373953015493953,18.281551761678376,4.222668351578705,0.2144937275985663,0.7834581413210445,0.9135464669738863,MSAGAT-Net,ltla_timeseries,7,30,none,with_adj.loggrowth.quant,test,168
29.134799664789224,5.4023584982303925,16.97732007920698,4.87771852223577,0.20369303635432667,0.772305427547363,0.9184267793138761,MSAGAT-Net,ltla_timeseries,7,42,none,with_adj.loggrowth.quant,test,168
29.946342201130644,5.43593294268081,18.166995557871374,4.454966085832807,0.275681643625192,0.7583205325140809,0.9005056323604711,MSAGAT-Net,ltla_timeseries,7,45,none,with_adj.loggrowth.quant,test,168
5.564644746392807,1.8316824481282024,1.1543657928027866,2.212897398130242,0.3870710295291301,0.8778930566640064,0.9377494014365523,MSAGAT-Net,nhs_timeseries,14,1000,none,with_adj.loggrowth.quant,test,179
4.857936098866387,1.3907111557398082,1.4183270762723599,1.7248447598373249,0.3399840383080607,0.825219473264166,0.9289704708699122,MSAGAT-Net,nhs_timeseries,14,123,none,with_adj.loggrowth.quant,test,179
8.686084293039325,2.556108673278056,0.42556995258286956,5.129661538867393,0.3599361532322426,0.7980845969672785,0.8930566640063847,MSAGAT-Net,nhs_timeseries,14,30,none,with_adj.loggrowth.quant,test,179
5.752649552701949,3.2846054440116093,0.7043305883848046,1.3899056346838643,0.39664804469273746,0.9928172386272945,0.9992019154030327,MSAGAT-Net,nhs_timeseries,14,42,none,with_adj.loggrowth.quant,test,179
6.775384876717633,2.6143487009558206,0.5269896230515957,3.1860505189516393,0.4046288906624102,0.8874700718276137,0.9489225857940942,MSAGAT-Net,nhs_timeseries,14,45,none,with_adj.loggrowth.quant,test,179
1.037302938875978,0.2608923780672828,0.39981268089175565,0.3077712468160481,0.2601755786113328,0.8459696727853152,0.945730247406225,MSAGAT-Net,nhs_timeseries,3,1000,none,with_adj.loggrowth.quant,test,179
1.7529784543270448,0.4082668254741041,0.2655450925228395,0.9657881867691588,0.2266560255387071,0.8683160415003991,0.9545091779728652,MSAGAT-Net,nhs_timeseries,3,123,none,with_adj.loggrowth.quant,test,179
1.0783958963562903,0.28019665336976207,0.261990668958221,0.46545121386337507,0.27214684756584195,0.86512370311253,0.9537110933758979,MSAGAT-Net,nhs_timeseries,3,30,none,with_adj.loggrowth.quant,test,179
1.0923428189931115,0.3255740038888377,0.22300112605272782,0.4724621789270678,0.26895450917797287,0.9018355945730248,0.9736632083000798,MSAGAT-Net,nhs_timeseries,3,42,none,with_adj.loggrowth.quant,test,179
1.0503758601351605,0.3155942808615061,0.26369114190825044,0.40150774628024277,0.28890662410215484,0.888268156424581,0.9592976855546688,MSAGAT-Net,nhs_timeseries,3,45,none,with_adj.loggrowth.quant,test,179
3.7680364940002584,1.1046178153918866,0.41461991206509013,2.001206932009464,0.2833200319233839,0.8499600957701516,0.9361532322426177,MSAGAT-Net,nhs_timeseries,7,1000,none,with_adj.loggrowth.quant,test,179
2.7373449295584438,0.8287009736708076,0.9231883499093619,0.801663787452074,0.3200319233838787,0.86512370311253,0.951316839584996,MSAGAT-Net,nhs_timeseries,7,123,none,with_adj.loggrowth.quant,test,179
5.2877198986156015,1.1724512570875325,0.19054069748700478,3.58213025324672,0.20989624900239426,0.7749401436552275,0.9010375099760575,MSAGAT-Net,nhs_timeseries,7,30,none,with_adj.loggrowth.quant,test,179
2.537652925247578,0.5699543668442073,0.846444798564881,0.9555343845268751,0.24980047885075818,0.7597765363128491,0.87390263367917,MSAGAT-Net,nhs_timeseries,7,42,none,with_adj.loggrowth.quant,test,179
3.065097104970138,1.1094567750558304,0.7712010221753669,0.9792526650715845,0.35434956105347165,0.9177972865123704,0.9736632083000798,MSAGAT-Net,nhs_timeseries,7,45,none,with_adj.loggrowth.quant,test,179
415.8651098227358,216.3026274071195,119.65056971278227,54.97639953594266,0.48471337579617835,0.935031847133758,0.9808917197452229,MSAGAT-Net,region785,10,1000,none,with_adj.loggrowth.quant,test,157
318.9910900203699,156.86183149061753,110.37392128191969,31.627647220206967,0.5464968152866242,0.9573248407643312,0.9847133757961783,MSAGAT-Net,region785,10,123,none,with_adj.loggrowth.quant,test,157
333.42472717578806,192.9929746357469,68.60250224538933,52.09038194676444,0.5751592356687898,0.954140127388535,0.9808917197452229,MSAGAT-Net,region785,10,30,none,with_adj.loggrowth.quant,test,157
343.7956501482161,201.14701389336378,93.27967433261264,28.57895863870279,0.5898089171974522,0.9719745222929936,0.9929936305732484,MSAGAT-Net,region785,10,42,none,with_adj.loggrowth.quant,test,157
357.5598924991453,193.17852687322562,109.98907909298234,32.58648097321651,0.5764331210191083,0.9503184713375796,0.9821656050955414,MSAGAT-Net,region785,10,45,none,with_adj.loggrowth.quant,test,157
412.26876826839447,243.4538112772944,97.90525446717213,47.9149170928634,0.5515923566878981,0.9375796178343949,0.9738853503184713,MSAGAT-Net,region785,15,1000,none,with_adj.loggrowth.quant,test,157
456.9971812690872,271.4671147979293,131.92276275616805,27.75880920433397,0.640764331210191,0.9777070063694268,0.9942675159235669,MSAGAT-Net,region785,15,123,none,with_adj.loggrowth.quant,test,157
407.7884817733838,259.33990363222495,63.50932690322779,61.96090890445461,0.597452229299363,0.9579617834394905,0.9796178343949045,MSAGAT-Net,region785,15,30,none,with_adj.loggrowth.quant,test,157
458.77618872289275,263.63534190593214,137.25461423430735,31.69066368344417,0.5598726114649681,0.9713375796178344,0.9917197452229299,MSAGAT-Net,region785,15,42,none,with_adj.loggrowth.quant,test,157
446.79357954133644,266.53773036245116,95.77674698754382,59.02054054494778,0.5980891719745223,0.9694267515923567,0.9917197452229299,MSAGAT-Net,region785,15,45,none,with_adj.loggrowth.quant,test,157
209.15672062225383,118.68997157266068,58.566337348813335,19.801572968180047,0.7012738853503184,0.9643312101910828,0.9853503184713376,MSAGAT-Net,region785,3,1000,none,with_adj.loggrowth.quant,test,157
209.6801548371066,104.00885408541444,73.17423674813996,19.313786213868745,0.5847133757961783,0.9490445859872612,0.9834394904458599,MSAGAT-Net,region785,3,123,none,with_adj.loggrowth.quant,test,157
216.66025163036812,96.41678960501808,74.24746443413856,32.544882773877646,0.5726114649681529,0.9585987261146497,0.9859872611464968,MSAGAT-Net,region785,3,30,none,with_adj.loggrowth.quant,test,157
211.34853664565696,81.17404153194556,94.2569128808999,22.43338946712476,0.5248407643312102,0.9509554140127389,0.9847133757961783,MSAGAT-Net,region785,3,42,none,with_adj.loggrowth.quant,test,157
211.52625163137466,94.62856223734948,72.55772086544665,31.289905255522893,0.5719745222929936,0.9636942675159236,0.986624203821656,MSAGAT-Net,region785,3,45,none,with_adj.loggrowth.quant,test,157
261.1494751785666,100.19143863405942,108.9372887221838,35.25896380840989,0.49936305732484076,0.9146496815286624,0.967515923566879,MSAGAT-Net,region785,5,1000,none,with_adj.loggrowth.quant,test,157
281.65975443195305,117.6013006277299,129.56338202738758,17.30660086639434,0.5738853503184713,0.9515923566878981,0.9789808917197452,MSAGAT-Net,region785,5,123,none,with_adj.loggrowth.quant,test,157
297.5407947018119,155.04244075233134,71.00181763500298,52.996570962738446,0.5547770700636943,0.9617834394904459,0.9847133757961783,MSAGAT-Net,region785,5,30,none,with_adj.loggrowth.quant,test,157
273.97920682794205,134.45379743681823,99.78980653161192,23.45481782222316,0.5993630573248407,0.9490445859872612,0.9802547770700637,MSAGAT-Net,region785,5,42,none,with_adj.loggrowth.quant,test,157
249.122734646088,106.43599933037426,86.97656512652628,39.79088535979658,0.5165605095541401,0.9318471337579618,0.9738853503184713,MSAGAT-Net,region785,5,45,none,with_adj.loggrowth.quant,test,157
56.63408205764379,27.483932419958744,18.19839821950249,7.190480132853621,0.5150226757369615,0.9084467120181405,0.9560657596371882,MSAGAT-Net,state360,10,1000,none,with_adj.loggrowth.quant,test,72
54.537256785197485,26.828795645057813,17.77309936443242,6.386963496890562,0.49943310657596374,0.9152494331065759,0.9606009070294784,MSAGAT-Net,state360,10,123,none,with_adj.loggrowth.quant,test,72
58.3276458596362,28.022592011553805,19.888750155515588,6.652943447141162,0.4971655328798186,0.9135487528344671,0.9645691609977324,MSAGAT-Net,state360,10,30,none,with_adj.loggrowth.quant,test,72
58.10492339813229,29.387217365667674,18.348657375651683,6.6930844793288085,0.5011337868480725,0.9155328798185941,0.9665532879818595,MSAGAT-Net,state360,10,42,none,with_adj.loggrowth.quant,test,72
60.22973741892229,28.354233705444027,20.85133427103414,7.204021142203815,0.4812925170068027,0.9005102040816326,0.951530612244898,MSAGAT-Net,state360,10,45,none,with_adj.loggrowth.quant,test,72
64.50699123222356,28.98566071317098,23.5738560116398,7.733789983545137,0.5022675736961452,0.8945578231292517,0.951530612244898,MSAGAT-Net,state360,15,1000,none,with_adj.loggrowth.quant,test,72
62.632257922493515,33.35140487587888,17.40467654859821,7.924641182933183,0.5439342403628118,0.9143990929705216,0.9603174603174603,MSAGAT-Net,state360,15,123,none,with_adj.loggrowth.quant,test,72
66.50386524365189,33.031770441324404,18.757633352816182,10.467393638306287,0.4906462585034014,0.8976757369614512,0.9481292517006803,MSAGAT-Net,state360,15,30,none,with_adj.loggrowth.quant,test,72
65.82175828856731,32.33186103152279,18.823452642891734,10.345390129615883,0.4846938775510204,0.9058956916099773,0.9560657596371882,MSAGAT-Net,state360,15,42,none,with_adj.loggrowth.quant,test,72
65.32903142188037,29.69008672587523,20.615010232996752,10.760076167535164,0.47534013605442177,0.8917233560090703,0.9452947845804989,MSAGAT-Net,state360,15,45,none,with_adj.loggrowth.quant,test,72
38.421390250756545,14.315728669115662,16.062843847936467,5.5355559734448185,0.45549886621315194,0.8922902494331065,0.9532312925170068,MSAGAT-Net,state360,3,1000,none,with_adj.loggrowth.quant,test,72
39.46269207548222,16.757659293840877,14.87008814945895,5.303762080584371,0.48356009070294786,0.907312925170068,0.9589002267573696,MSAGAT-Net,state360,3,123,none,with_adj.loggrowth.quant,test,72
39.0460462380231,15.057456376679452,16.469756224935406,5.003531440416702,0.477891156462585,0.8988095238095238,0.9546485260770975,MSAGAT-Net,state360,3,30,none,with_adj.loggrowth.quant,test,72
38.09016707509606,15.37549069979032,13.955401750864874,6.301066594720063,0.4387755102040816,0.8809523809523809,0.9478458049886621,MSAGAT-Net,state360,3,42,none,with_adj.loggrowth.quant,test,72
39.010958854310275,14.998399917818553,16.75892589262201,4.723194871838601,0.4523809523809524,0.8934240362811792,0.9526643990929705,MSAGAT-Net,state360,3,45,none,with_adj.loggrowth.quant,test,72
47.23248537781135,18.952047750735517,18.997790677866487,6.230279331073938,0.47392290249433106,0.8968253968253969,0.9549319727891157,MSAGAT-Net,state360,5,1000,none,with_adj.loggrowth.quant,test,72
46.07221363031707,20.597585569451187,17.87064960213305,4.683073692064155,0.5022675736961452,0.9160997732426304,0.9654195011337868,MSAGAT-Net,state360,5,123,none,with_adj.loggrowth.quant,test,72
47.79877260889776,23.121798875691866,12.334310589910412,9.370464464967435,0.4560657596371882,0.9044784580498866,0.9574829931972789,MSAGAT-Net,state360,5,30,none,with_adj.loggrowth.quant,test,72
46.81946933491468,19.424079225456573,17.815540098669754,6.610180250891188,0.47307256235827666,0.8925736961451247,0.9549319727891157,MSAGAT-Net,state360,5,42,none,with_adj.loggrowth.quant,test,72
47.087819583638,19.69811881144774,18.050814492773238,6.376109461396577,0.5017006802721088,0.8937074829931972,0.9526643990929705,MSAGAT-Net,state360,5,45,none,with_adj.loggrowth.quant,test,72
