dataset,horizon,threshold_km,n_seeds,density,density_default,rmse_150km,rmse_thr,delta_pct_mean,delta_pct_median,delta_pct_sd,wilcoxon_p
ltla_timeseries,3,100,5,0.1785466527922303,0.31007919990750377,50.5239512,50.5913732,0.14191579450987984,0.12032449149850771,0.5793902774260861,0.8125
ltla_timeseries,3,200,5,0.451425020233553,0.31007919990750377,50.5239512,50.6937628,0.34133101630556223,0.16843965107117137,0.5552761226586052,0.3125
ltla_timeseries,3,250,5,0.5789686668979073,0.31007919990750377,50.5239512,50.5800238,0.11092808067099827,4.6757168755798655e-05,0.48260436218346126,0.8125
ltla_timeseries,7,100,5,0.1785466527922303,0.31007919990750377,84.48703780000001,86.70183940000001,2.781542927251238,1.6641859560952301,4.468775587762888,0.4375
ltla_timeseries,7,200,5,0.451425020233553,0.31007919990750377,84.48703780000001,85.91715159999998,1.7422932961934852,1.867617083757938,3.530524406941326,0.4375
ltla_timeseries,7,250,5,0.5789686668979073,0.31007919990750377,84.48703780000001,85.43778219999999,1.277847042468665,-0.011749787958020674,4.387353789864056,0.8125
ltla_timeseries,14,100,5,0.1785466527922303,0.31007919990750377,128.7790338,129.93780780000003,0.9066800121868921,-0.020047838529711745,1.4247943069497988,0.8125
ltla_timeseries,14,200,5,0.451425020233553,0.31007919990750377,128.7790338,122.30384760000001,-4.272862736760189,-0.0056056377174124195,10.941307210268448,0.8125
ltla_timeseries,14,250,5,0.5789686668979073,0.31007919990750377,128.7790338,127.8326636,-0.5187422505574971,-0.022483641080155364,3.027321004362755,0.8125
nhs_timeseries,3,100,5,0.2653061224489796,0.3877551020408163,2.5188078,2.5357756,0.19669618685917314,-1.378153363617863,3.2033867811533816,0.8125
nhs_timeseries,3,200,5,0.5510204081632653,0.3877551020408163,2.5188078,2.5230615999999997,-0.4421997167093833,-0.3087570211695497,4.2842012062216535,1.0
nhs_timeseries,3,250,5,0.5918367346938775,0.3877551020408163,2.5188078,2.5486224,1.4795228151622024,-0.48696398657851053,5.689306332508978,1.0
nhs_timeseries,7,100,5,0.2653061224489796,0.3877551020408163,7.556219999999999,6.656919,-9.083296722057543,-2.8209556272385456,12.605588275661194,0.3125
nhs_timeseries,7,200,5,0.5510204081632653,0.3877551020408163,7.556219999999999,6.8813948,-6.698070073886799,-5.290786292362495,12.048358933430604,0.3125
nhs_timeseries,7,250,5,0.5918367346938775,0.3877551020408163,7.556219999999999,6.8234758,-8.009568266590264,-10.40598831219209,7.752660632163681,0.125
nhs_timeseries,14,100,5,0.2653061224489796,0.3877551020408163,14.2976404,13.3121012,-5.565100197485048,-0.7082575698112198,14.973328731886062,0.3125
nhs_timeseries,14,200,5,0.5510204081632653,0.3877551020408163,14.2976404,11.811548400000001,-13.114762966477036,-7.541121213397314,18.729235618265232,0.1875
nhs_timeseries,14,250,5,0.5918367346938775,0.3877551020408163,14.2976404,12.929030800000001,-3.62687796862228,0.22566161590623407,30.071811389891288,1.0
