model,dataset,window,horizon,ablation,seed,use_adj,timestamp,mae,std_MAE,rmse,rmse_states,pcc,pcc_states,MAPE,R2,R2_states,Var,Vars,Peak,sim_mat
EpiSIG-Net-V3,japan,20,2,none,5,True,20260203_010408,336.9924011230469,306.27520751953125,993.146735130313,714.0323486328125,0.8921024799346924,0.9090296030044556,0.051468189805746,0.7657620310783386,0.7864182591438293,0.7659835815429688,0.7896279096603394,972.3363037109376,default
EpiSIG-Net-V3,japan,20,2,none,10,True,20260203_010826,296.3579406738281,275.2013854980469,967.7088275922672,696.426513671875,0.908312201499939,0.9223800897598268,0.0120210945606231,0.7776076793670654,0.7938194274902344,0.7801331281661987,0.8005837202072144,983.5780639648438,default
EpiSIG-Net-V3,japan,20,2,none,20,True,20260203_011148,268.31201171875,237.1847686767578,878.192283899147,641.6475830078125,0.9244005680084229,0.9312573075294496,0.0220978148281574,0.8168488144874573,0.82068932056427,0.8198714852333069,0.8283857107162476,891.6658935546875,default
EpiSIG-Net-V3,japan,20,2,none,30,True,20260203_011731,269.64996337890625,233.87646484375,873.633289773232,636.2523803710938,0.9234884977340698,0.931050419807434,0.0290275588631629,0.818745493888855,0.8220955729484558,0.8209716081619263,0.8286076784133911,888.6715698242188,default
EpiSIG-Net-V3,japan,20,2,none,42,True,20260204_104846,281.1843566894531,256.5853271484375,938.2499666933114,673.8878173828125,0.9156657457351683,0.9290726184844972,0.0240039024502038,0.790941596031189,0.8074560165405273,0.7935692667961121,0.8139276504516602,912.2646484375,default
EpiSIG-Net-V3,japan,20,2,none,45,True,20260203_012429,277.23785400390625,255.14776611328125,931.2130529583442,672.5099487304688,0.9151003360748292,0.9275079369544984,0.0164512004703283,0.7940657734870911,0.808208167552948,0.796919584274292,0.8152185678482056,920.7631225585938,default
EpiSIG-Net-V3,japan,20,2,none,100,True,20260203_012628,306.3544616699219,274.081298828125,957.8253363740176,687.5208740234375,0.912723183631897,0.9251579642295836,0.0348940975964069,0.7821271419525146,0.7961223721504211,0.7847522497177124,0.8036066293716431,957.7618408203124,default
EpiSIG-Net-V3,japan,20,2,none,123,True,20260203_012930,279.8222045898437,270.3960876464844,923.907598193672,659.188720703125,0.9042277932167052,0.920058250427246,0.0028863856568932,0.7972842454910278,0.8176630735397339,0.7983756065368652,0.8211696743965149,935.2215576171876,default
EpiSIG-Net-V3,japan,20,2,none,500,True,20260203_013156,282.6835327148437,268.1740417480469,918.753673462044,651.7085571289062,0.9093142747879028,0.9255674481391908,0.0222329068928957,0.7995395660400391,0.8194227814674377,0.8022637367248535,0.8262175917625427,939.169677734375,default
EpiSIG-Net-V3,japan,20,2,none,1000,True,20260203_013612,299.5996398925781,276.5560302734375,945.8882399628404,675.3343505859375,0.9073327779769896,0.9250338673591614,0.0345266722142696,0.7875238656997681,0.8088117837905884,0.788536548614502,0.8128911852836609,936.664306640625,default
EpiSIG-Net-V3,japan,20,3,no_agam,1,True,20260204_211326,384.0805358886719,353.53204345703125,1130.6706527543731,816.55078125,0.8755521774291992,0.8894777297973633,0.0301930028945207,0.6963993310928345,0.7151117324829102,0.7006255984306335,0.7260259389877319,1181.687255859375,default
MSAGAT-Net,japan,20,3,no_agam,5,False,20260410_023001,470.6806640625,406.8712463378906,1320.8700730957603,959.20263671875,0.8699973821640015,0.8711040019989014,,0.7086153626441956,0.702644944190979,0.7135380506515503,0.7173877358436584,1162.5081787109375,default
MSTAGAT-Net,japan,20,3,no_agam,5,True,20260209_075943,531.2412719726562,479.6327819824219,1354.136209913907,968.6477661132812,0.8603807687759399,0.8743546605110168,0.0682720765471458,0.6937534809112549,0.7086989283561707,0.7036751508712769,0.7323415279388428,1193.1744384765625,default
MSTAGAT-Net,japan,20,3,no_agam,42,True,20260209_101430,571.0767211914062,535.6414794921875,1474.156708087712,1067.797607421875,0.8103137016296387,0.8208678364753723,0.0189299695193767,0.6370608806610107,0.6429564952850342,0.6391762495040894,0.6510180234909058,1330.7548828125,default
MSAGAT-Net.loggrowth.quant,japan,20,3,no_agam,42,True,20260819_020115,520.4796796082363,478.1966979056192,1567.9662044550273,1124.87278807365,0.7702084088692339,0.7801288065486996,,0.5893991454077409,0.5985516385672782,0.5931976592338387,0.6091328496851068,1365.135535125667,default
EpiSIG-Net-V3,japan,20,3,no_mtfm,1,True,20260204_211803,384.0805358886719,353.53204345703125,1130.6706527543731,816.55078125,0.8755521774291992,0.8894777297973633,0.0301930028945207,0.6963993310928345,0.7151117324829102,0.7006255984306335,0.7260259389877319,1181.687255859375,default
MSAGAT-Net,japan,20,3,no_mtfm,5,False,20260410_023058,485.7198181152344,474.72705078125,1364.744710559451,964.3550415039062,0.8371614813804626,0.8608766794204712,,0.6889363527297974,0.7203977704048157,0.6903774738311768,0.7262122631072998,1200.6727294921875,default
MSTAGAT-Net,japan,20,3,no_mtfm,5,True,20260209_080104,524.2421875,500.6588134765625,1372.0542992170535,980.83935546875,0.8649070262908936,0.8832588195800781,0.0259235892444849,0.6855952739715576,0.706811785697937,0.6918401718139648,0.7214925289154053,1204.4385986328125,default
MSTAGAT-Net,japan,20,3,no_mtfm,42,True,20260209_101526,475.6096496582031,447.9019775390625,1366.5798092317916,969.4168090820312,0.8409011960029602,0.861200749874115,0.0409869216382503,0.6880992650985718,0.7141016721725464,0.6914952993392944,0.7235119342803955,1168.8031005859375,default
EpiSIG-Net-V3,japan,20,3,no_pprm,1,True,20260204_212325,384.0805358886719,353.53204345703125,1130.6706527543731,816.55078125,0.8755521774291992,0.8894777297973633,0.0301930028945207,0.6963993310928345,0.7151117324829102,0.7006255984306335,0.7260259389877319,1181.687255859375,default
MSAGAT-Net,japan,20,3,no_pprm,5,False,20260410_023145,575.8237915039062,491.3786315917969,1448.6894939910346,1068.068115234375,0.8650845289230347,0.8655370473861694,,0.6494927406311035,0.6389379501342773,0.6667907238006592,0.6769745945930481,1343.0819091796875,default
MSTAGAT-Net,japan,20,3,no_pprm,5,True,20260209_080204,528.0379028320312,456.7615051269531,1306.538604481322,954.1273803710938,0.8935506343841553,0.8962555527687073,0.0661544948816299,0.7149040699005127,0.7097810506820679,0.7272260189056396,0.7427018284797668,1235.1796875,default
MSTAGAT-Net,japan,20,3,no_pprm,42,True,20260209_101621,465.8602600097656,428.4584655761719,1305.6039790074171,935.3292236328124,0.8562021255493164,0.8715647459030151,0.0154752451926469,0.7153118848800659,0.7280879020690918,0.7174128293991089,0.7381436824798584,1156.1221923828125,default
EpiSIG-Net-V3,japan,20,3,none,1,True,20260204_211039,384.0805358886719,353.53204345703125,1130.6706527543731,816.55078125,0.8755521774291992,0.8894777297973633,0.0301930028945207,0.6963993310928345,0.7151117324829102,0.7006255984306335,0.7260259389877319,1181.687255859375,default
EpiSIG-Net-V5,japan,20,3,none,2,True,20260204_113313,325.4002380371094,292.6399841308594,1060.96200450346,759.7560424804688,0.8776347041130066,0.8958790302276611,0.0141642922535538,0.7326807975769043,0.7545210719108582,0.737910270690918,0.7668315768241882,1114.53955078125,default
EpiSIG-Net-V5,japan,20,3,none,3,True,20260204_113344,324.3183898925781,302.51397705078125,1055.2199415287791,754.7261352539062,0.8775025606155396,0.8967733383178711,0.0073865591548383,0.7355664968490601,0.7593258023262024,0.7414160966873169,0.7721806168556213,1109.094482421875,default
EpiSIG-Net-V5,japan,20,3,none,4,True,20260204_113438,341.0492248535156,315.25372314453125,1063.2206967511495,764.2945556640625,0.8832299113273621,0.9008288979530334,0.0139276171103119,0.7315413951873779,0.7536648511886597,0.7392346858978271,0.7694767713546753,1116.398681640625,default
MSAGAT-Net,japan,20,3,none,5,False,20260410_022833,567.1295776367188,509.9065246582031,1529.6806856334429,1108.51318359375,0.8090478777885437,0.816365122795105,,0.6092059016227722,0.6119235754013062,0.6142727136611938,0.6248558759689331,1346.7718505859375,default
MSTAGAT-Net,japan,20,3,none,5,True,20260209_075827,510.0730895996094,466.8773193359375,1428.0663499991867,1022.7373657226562,0.8414162993431091,0.8560270071029663,0.0264795180410146,0.6594011187553406,0.6763234734535217,0.6668636202812195,0.6932643055915833,1251.5682373046875,default
EpiSIG-Net-V5,japan,20,3,none,6,True,20260204_113538,369.7478942871094,337.2212829589844,1219.6131046360565,871.2005615234375,0.8237735033035278,0.8509690165519714,0.0322195999324321,0.646756112575531,0.6818243861198425,0.6501619815826416,0.6909915208816528,1226.8509521484375,default
EpiSIG-Net-V5,japan,20,3,none,7,True,20260204_113613,315.8934326171875,291.1742858886719,1019.575125971598,729.7527465820312,0.8874950408935547,0.9046680927276612,0.0147324297577142,0.7531296610832214,0.7748319506645203,0.7551335096359253,0.7804016470909119,1041.8505859375,default
EpiSIG-Net-V5,japan,20,3,none,8,True,20260204_113706,321.1827392578125,302.9021301269531,1096.4580475330554,777.8782958984375,0.8622825145721436,0.8862484097480774,0.0144458059221506,0.7144944667816162,0.7476375102996826,0.7177561521530151,0.7551918625831604,1112.236572265625,default
EpiSIG-Net-V5,japan,20,3,none,9,True,20260204_113803,378.0296020507813,334.50213623046875,1100.210661646214,791.4595336914062,0.8623058795928955,0.8836486339569092,0.0494326800107955,0.7125368118286133,0.7349821329116821,0.7128984928131104,0.7413572072982788,1107.86669921875,default
EpiSIG-Net-V5,japan,20,3,none,10,True,20260204_113930,337.77227783203125,304.2181701660156,1016.2383763172892,739.598876953125,0.9019408226013184,0.909886360168457,0.0272091459482908,0.7547428607940674,0.7579801678657532,0.7655060291290283,0.7817260026931763,1076.1033935546875,default
MSTAGAT-Net,japan,20,3,none,30,False,20260127_023859,332.5514831542969,311.78692626953125,1118.4313792092923,795.2977905273438,0.8718939423561096,0.8963338732719421,0.0128182582557201,0.7029366493225098,0.7375485301017761,0.7080651521682739,0.7480632066726685,1115.84130859375,default
MSAGAT-Net,japan,20,3,none,30,True,20260811_091756,606.708984375,550.9821166992188,1684.1937982310706,1228.15185546875,0.7481342554092407,0.7555634379386902,,0.5262703895568848,0.5234555006027222,0.537137508392334,0.5477024912834167,1484.587890625,default
MSAGAT-Net.loggrowth.quant,japan,20,3,none,30,True,20260814_031811,422.42875009543263,380.8022949775884,1206.4037858452978,871.8332332908852,0.8812596289294152,0.8867997391253047,,0.756929734037621,0.7510251176765805,0.7597372193426382,0.7606018237752126,1069.4830635849444,default
MSAGAT-Net.loggrowth.quant.exp-nodecay-regpre,japan,20,3,none,30,True,20260819_083818,527.4168034513308,481.1394015368814,1561.5561065029472,1124.1432065180636,0.7721959667347791,0.7789430381369727,,0.5927494876371302,0.5973453906366988,0.5944937868551934,0.6035112527189825,1373.7863718788578,default
MSAGAT-Net,japan,20,3,none,42,False,20260316_220924,504.9486389160156,502.0230407714844,1385.1425468160307,977.74267578125,0.8359425663948059,0.8595340251922607,0.0088113062083721,0.679568350315094,0.7125215530395508,0.6823802590370178,0.7198897004127502,1221.667236328125,default
MSTAGAT-Net,japan,20,3,none,42,True,20260209_101342,504.9486389160156,502.0230407714844,1385.1425468160307,977.74267578125,0.8359425663948059,0.8595340251922607,0.0088113062083721,0.679568350315094,0.7125215530395508,0.6823802590370178,0.7198897004127502,1221.667236328125,default
MSAGAT-Net,japan,20,3,none,42,True,20260811_091745,504.9486389160156,502.0230407714844,1385.1425468160307,977.74267578125,0.8359425663948059,0.8595340251922607,,0.679568350315094,0.7125215530395508,0.6823802590370178,0.7198897004127502,1221.667236328125,default
MSAGAT-Net.loggrowth.quant,japan,20,3,none,42,True,20260814_031821,430.8415715997342,392.49174669915385,1328.714578221142,953.4085674193108,0.8693930852199263,0.8809464502549897,,0.7051440789610463,0.7134760938938871,0.7134300960613209,0.7324909819127937,1105.9724142261066,default
MSAGAT-Net.loggrowth.quant.exp-nodecay-regpre,japan,20,3,none,42,True,20260819_020838,441.1877565522687,383.5981437257895,1283.2906699792725,941.432213284436,0.8934132150308788,0.8961112559632566,,0.7249595771921771,0.7032116707593854,0.7401503719261382,0.7386015959122193,1145.1786749759628,default
MSAGAT-Net.loggrowth.quant.exp-nodecay-regpre-temp,japan,20,3,none,42,True,20260819_024303,419.3084378356629,373.6126756940916,1281.104586145007,922.82973028877,0.8833500758611518,0.8915798272529769,,0.7258958409898248,0.7281917112880703,0.7349872526288574,0.7493064560335987,1087.8873550454298,default
MSAGAT-Net.loggrowth.quant.exp-nodecay-regpre-init10,japan,20,3,none,42,True,20260819_025146,427.583395792938,377.6982835469919,1320.4998218361966,954.6564074873736,0.8812808176278755,0.8879994610967425,,0.708778692575606,0.7076567050230647,0.7203772770406589,0.7334810394992588,1116.648889263539,default
MSAGAT-Net.loggrowth.quant.exp-nodecay-regpre-lrx10,japan,20,3,none,42,True,20260819_065921,422.6040560937218,372.2363043485891,1302.7887498727405,939.7458441902276,0.8734651479964644,0.8819032398729735,,0.7165382574482057,0.715768528250755,0.7247129813720117,0.7352737104136685,1102.628822460796,default
MSAGAT-Net.loggrowth.quant.exp-nodecay-regpre-adjstd,japan,20,3,none,42,True,20260819_071100,437.4285782248416,388.29915185377234,1288.1767888213583,927.9651875288812,0.8570707641037217,0.8687361131000169,,0.7228611615639902,0.7296034925089389,0.7258062645516573,0.7390019501686597,1131.6217390063696,default
MSAGAT-Net.loggrowth.quant.exp-nodecay-regpre-scorenorm,japan,20,3,none,42,True,20260819_071806,432.8646496161501,390.1469475014823,1291.095157713901,928.4971682279632,0.8704194125651898,0.8811822832052795,,0.7216040211868433,0.7266633184271201,0.7272519755394149,0.7411751690793801,1113.0949298341727,default
MSAGAT-Net.loggrowth.quant.exp-nodecay-regpre-multgate,japan,20,3,none,42,True,20260819_072653,402.7631083448969,358.1774843326832,1243.5564688171755,894.4352301998616,0.883677334555699,0.8930666512146448,,0.7417279109526498,0.7462683224562228,0.7484071748317881,0.7628906529330428,1046.4567758779378,default
MSAGAT-Net.loggrowth.quant.exp-nodecay-regpre-rank2,japan,20,3,none,42,True,20260819_073242,528.6135249110341,480.3250134700579,1641.5808896786548,1181.313727051196,0.7462514091629304,0.757740909997241,,0.5499393648897166,0.5574071430707146,0.5568123073289704,0.5733392017256763,1378.5688828833108,default
MSAGAT-Net.loggrowth.quant.exp-nodecay-regpre-rank16,japan,20,3,none,42,True,20260819_073747,474.9488228743924,433.22247586090174,1473.4076017468062,1048.9140308220112,0.8082134665958542,0.8292589141361599,,0.6374296667506012,0.6591622446246751,0.643174031351496,0.6734781683639403,1235.956628292339,default
MSAGAT-Net.loggrowth.quant.exp-nodecay-regpre-adjstd-lrx10,japan,20,3,none,42,True,20260819_074452,424.2728357603847,370.6690440654334,1314.5241082888183,951.119524786393,0.8714445271649179,0.8791031855692306,,0.7114084808700296,0.7095171465044045,0.720311126537865,0.730565184347291,1106.789213229616,default
MSAGAT-Net.loggrowth.quant.exp-nodecay-regent,japan,20,3,none,42,True,20260819_074945,439.0506277529664,380.49602963129695,1272.281027337973,935.0942386671828,0.8900777105484887,0.8922402634683977,,0.7296586020849638,0.7070301876197421,0.7433339508579254,0.7392465972357875,1135.588502808664,default
MSAGAT-Net.loggrowth.quant.exp-nodecay-regpre.renewal,japan,20,3,none,42,True,20260819_111516,663.2836134266709,647.1017833565951,2038.92532329456,1420.462113439663,0.7129334458340055,0.7740935373258714,,0.3056969181340118,0.4242788499833897,0.3552088014981378,0.5004557678530671,1752.976467129297,default
MSAGAT-Net.loggrowth.quant.exp-nodecay-regpre-renewal_lag0.renewal,japan,20,3,none,42,True,20260819_112447,552.0816088219182,525.4480227491601,1728.825643997489,1216.6175136121503,0.8015125825768286,0.8404969840743775,,0.5008295762033377,0.5639628748193614,0.527435507886397,0.6112349948866173,1445.2131470865083,default
MSAGAT-Net.loggrowth.quant.exp-nodecay-regpre.renewal7,japan,20,3,none,42,True,20260819_113527,538.4761654294008,523.814616088224,1683.673615788459,1170.114586345027,0.8130388199951185,0.8478623702015275,,0.5265629235808931,0.6010325342946135,0.5511223172174164,0.6414510321402741,1403.8729854995963,default
MSAGAT-Net.loggrowth.quant.exp-nodecay-regpre.renewal21,japan,20,3,none,42,True,20260819_114552,644.0081063846325,624.1047033191458,1974.4280120357275,1367.6127621611631,0.6376726510272248,0.723039505837221,,0.3489279359326565,0.4671529896821204,0.3717063427109338,0.4977253481703022,1663.034479707224,default
MSAGAT-Net.loggrowth.quant.exp-nodecay-regpre-renewres-renewal_lag0.renewal7,japan,20,3,none,42,True,20260819_115606,440.01306653917743,425.49152545065147,1387.366023434851,952.1969915314756,0.8556203769245183,0.878703217038183,,0.6785387994998844,0.7385068339148559,0.6855202234370843,0.7495613708793418,1150.3488822400468,default
MSAGAT-Net.loggrowth.quant.exp-nodecay-regpre-renewres.renewal7,japan,20,3,none,42,True,20260819_120317,490.4957729206984,480.5050317417415,1579.65531555907,1087.989355439857,0.8421592180500193,0.8638537628092191,,0.583254307293898,0.6616018511530434,0.6013430330021303,0.6884894998848301,1290.2620081533494,default
MSAGAT-Net.loggrowth.quant.exp-nodecay-regpre-reniter.renewal7,japan,20,3,none,42,True,20260820_022455,474.8113581250504,449.7939850963208,1504.6254204683328,1046.4066268521694,0.8263656417987688,0.8551160955156727,,0.6219029898069357,0.6788123966450126,0.6334416738806445,0.6986755412709684,1255.0665037766942,default
MSAGAT-Net.loggrowth.quant.exp-nodecay-regpre-reniter.renewal14,japan,20,3,none,42,True,20260820_041011,518.6829356356594,477.1647714448971,1499.437877022663,1084.9935184560225,0.7953771574039394,0.820529937592732,,0.6245056488607963,0.635867584345005,0.6293016060311265,0.6504985451888294,1345.0299711898097,default
MSAGAT-Net.loggrowth.quant.exp-nodecay-regpre-reniter-renewres.renewal7,japan,20,3,none,42,True,20260820_042058,453.26464422709313,409.5142753131829,1372.0147430884626,974.126066214212,0.8380939560132488,0.8589064027486788,,0.6856134125214923,0.7149527696599337,0.6885812700546687,0.7226901672880163,1163.3201803793015,default
MSAGAT-Net.loggrowth.quant.exp-nodecay-regpre-reniter-giunif.renewal7,japan,20,3,none,42,True,20260820_092811,540.7880140897713,490.030512684028,1624.8835406251565,1176.9134958765185,0.827784672450667,0.8423986325966322,,0.559048390284242,0.5736540339180483,0.5813432536007406,0.6169669319878651,1391.2261821622506,default
MSAGAT-Net.loggrowth.quant.exp-nodecay-regpre-reniter.renewal7.gifix5.2-1.72,japan,20,3,none,42,True,20260820_103138,531.483433847623,484.17012277495127,1540.518413322235,1106.3606656725228,0.8328629829583826,0.8426416306876673,,0.6036487422186008,0.6298387714835663,0.6190963404818496,0.6589398643268908,1323.6180567144324,default
MSTAGAT-Net,japan,20,3,none,45,False,20260127_023943,315.8507385253906,300.25372314453125,1021.3468130365904,724.5562744140625,0.8829832673072815,0.9044829607009888,0.0172635242342948,0.7522709369659424,0.7825320363044739,0.7537733316421509,0.7871513962745667,1047.3968505859375,default
MSAGAT-Net,japan,20,3,none,45,True,20260811_091807,508.6697692871094,488.264892578125,1399.3272490736397,986.9357299804688,0.8292479515075684,0.8541387915611267,,0.6729719638824463,0.7060669660568237,0.675218939781189,0.7131915092468262,1209.4512939453125,default
MSAGAT-Net.loggrowth.quant,japan,20,3,none,45,True,20260814_031831,661.8839193374915,624.2177711135579,2001.592559988616,1433.5685685437436,0.6932906694868904,0.7124404778445778,,0.3308895548171201,0.3690072877055553,0.3337152476753524,0.3756939684912768,1690.797406684064,default
MSAGAT-Net.loggrowth.quant.exp-nodecay-regpre,japan,20,3,none,45,True,20260819_083901,680.8691963443277,653.5029346260989,2061.226195739137,1456.760757623039,0.6472865232670404,0.6730932292804641,,0.2904258922528382,0.3593712669292339,0.2905943987565567,0.3610269462021138,1779.2497875956278,default
MSTAGAT-Net,japan,20,3,none,123,False,20260127_024010,344.6654357910156,316.0581359863281,1152.8852935136265,825.1371459960938,0.840668797492981,0.8639553785324097,0.0143066812306642,0.6843522787094116,0.7164185643196106,0.6869919300079346,0.7226982116699219,1165.376953125,default
MSAGAT-Net,japan,20,3,none,123,True,20260811_091818,538.6845092773438,511.7326965332031,1541.976086066188,1096.5709228515625,0.7884856462478638,0.8099711537361145,,0.6028982996940613,0.6308078169822693,0.6080710291862488,0.643083930015564,1350.94775390625,default
MSAGAT-Net.loggrowth.quant,japan,20,3,none,123,True,20260814_031801,505.8441761162143,485.8384981679659,1531.7382309012771,1077.0822804895306,0.7806493433457165,0.8050039206180784,,0.6081538738484218,0.6439522351340596,0.6090309993757086,0.6481559127815133,1297.9025108605674,default
MSAGAT-Net.loggrowth.quant.exp-nodecay-regpre,japan,20,3,none,123,True,20260819_084034,454.64820404190425,422.90797195595945,1414.4996226274377,1007.8026105199712,0.8519266070222258,0.8683173988181491,,0.6658417981664522,0.6814552168235655,0.6759432210185312,0.7036277188615762,1183.518781043653,default
MSTAGAT-Net,japan,20,3,none,1000,False,20260127_024028,349.687744140625,334.46417236328125,1148.4720283925074,821.8031616210938,0.8373256325721741,0.8622177839279175,0.0067746290005743,0.6867642402648926,0.7215679883956909,0.6895798444747925,0.7279672026634216,1208.4903564453125,default
MSAGAT-Net,japan,20,3,none,1000,True,20260811_091830,501.5548706054688,459.6019592285156,1410.3762795793184,1013.0855102539062,0.8538128733634949,0.865123450756073,,0.6677871346473694,0.6806809306144714,0.6755944490432739,0.6986423134803772,1222.5238037109375,default
MSAGAT-Net.loggrowth.quant,japan,20,3,none,1000,True,20260814_031751,470.80835704354166,420.0857386057541,1481.5474599965871,1059.538332937433,0.8445277778537945,0.8652126556501586,,0.6334125525707301,0.648918339710453,0.6480133360139515,0.6809200640328951,1233.3407322505734,default
MSAGAT-Net.loggrowth.quant.exp-nodecay-regpre,japan,20,3,none,1000,True,20260819_084118,479.82461926165325,443.8363927405373,1503.28002866254,1063.7787957202145,0.8070837745110937,0.8342815024688544,,0.6225788539591549,0.6500213798387855,0.629858192734023,0.6676418562211227,1240.3983481392445,default
MSAGAT-Net.loggrowth.quant,japan,20,5,no_agam,42,True,20260819_020152,579.626046266563,503.59500859733305,1514.794226465747,1136.8627778833716,0.8127203710779933,0.7815343610832742,,0.6167750857391616,0.5592005509375138,0.6271746942735615,0.5854642697636901,1423.5976716509897,default
MSAGAT-Net,japan,20,5,none,1,True,20260410_012544,587.8296508789062,546.6691284179688,1470.0053571330957,1061.2154541015625,0.8460314273834229,0.8611555099487305,,0.6391021609306335,0.6535711884498596,0.6476519107818604,0.6739617586135864,1325.6728515625,default
MSAGAT-Net,japan,20,5,none,2,True,20260410_012619,523.75927734375,473.6124572753906,1367.4425033616587,988.9235229492188,0.8823047876358032,0.890895664691925,,0.6877052783966064,0.695825457572937,0.6983771920204163,0.7203162908554077,1244.2757568359375,default
MSAGAT-Net,japan,20,5,none,3,True,20260410_012642,821.2509155273438,734.4144287109375,1831.233532349165,1351.83447265625,0.6929008960723877,0.6856900453567505,,0.4399408102035522,0.4200989007949829,0.4515116214752197,0.4450292289257049,1683.3927001953125,default
MSAGAT-Net,japan,20,5,none,4,True,20260410_012708,623.5972900390625,554.503662109375,1536.8637708007825,1128.606689453125,0.8479325175285339,0.8496188521385193,,0.6055270433425903,0.5969274640083313,0.6212981939315796,0.6317412257194519,1420.6358642578125,default
EpiSIG-Net,japan,20,5,none,5,False,20260202_190739,324.2138671875,293.2660522460937,1021.4944015999304,745.5203857421875,0.8921444416046143,0.9042626023292542,0.0067604407668113,0.7521993517875671,0.7605544328689575,0.7584888339042664,0.7754888534545898,1117.3375244140625,default
MSAGAT-Net,japan,20,5,none,5,True,20260410_012733,597.0902099609375,561.8124389648438,1529.7698356288763,1104.0948486328125,0.8034119009971619,0.8214855790138245,,0.609160304069519,0.6260955333709717,0.6187810897827148,0.6476906538009644,1409.498046875,default
EpiSIG-Net-V5,japan,20,5,none,6,True,20260204_114553,364.9949340820313,318.22882080078125,1100.5984167715308,805.0960693359375,0.8830166459083557,0.8924926519393921,0.0193597059696912,0.7123342156410217,0.7202348113059998,0.7235099673271179,0.7435078024864197,1194.4630126953125,default
EpiSIG-Net-V5,japan,20,5,none,7,True,20260204_114730,377.4467468261719,332.6220397949219,1136.7816962812165,826.8754272460938,0.8623406887054443,0.8765009045600891,0.0247046332806348,0.6931086778640747,0.7071782946586609,0.6992465257644653,0.721774160861969,1189.0107421875,default
EpiSIG-Net-V5,japan,20,5,none,8,True,20260204_114854,369.2024230957031,322.0632019042969,1102.6767998829032,812.1715698242188,0.8762755990028381,0.8803132772445679,0.0278334934264421,0.7112467288970947,0.7090513110160828,0.7207427620887756,0.7298238277435303,1226.6544189453125,default
EpiSIG-Net-V5,japan,20,5,none,9,True,20260204_114944,395.9830322265625,349.2186279296875,1072.1593864719928,790.6463012695312,0.8794816732406616,0.8887283802032471,0.0486514754593372,0.7270084619522095,0.7305766344070435,0.7378484606742859,0.7525200247764587,1197.9091796875,default
EpiSIG-Net-V5,japan,20,5,none,10,True,20260204_115031,386.2449951171875,345.0392150878906,1177.096799333003,861.2840576171875,0.838174045085907,0.8485991954803467,0.0176155660301446,0.6709553599357605,0.6782078146934509,0.6740893721580505,0.6880842447280884,1266.625244140625,default
EpiSIG-Net-V3,japan,20,5,none,20,True,20260203_014224,409.4479675292969,370.8528747558594,1153.545404394643,839.0604858398438,0.848415732383728,0.8656712770462036,0.0271710194647312,0.6839907169342041,0.7036259174346924,0.6868485808372498,0.7122656106948853,1191.86083984375,default
MSTAGAT-Net,japan,20,5,none,30,False,20260127_024144,372.1358642578125,335.9751892089844,1074.490111634351,777.1068115234375,0.8804950714111328,0.8992311358451843,0.0342769883573055,0.7258203029632568,0.7471429705619812,0.7270498275756836,0.7526758909225464,1109.8177490234375,default
EpiSIG-Net-V3,japan,20,5,none,30,True,20260203_014438,361.88970947265625,305.1319885253906,1112.977257180038,813.3125610351562,0.9073309898376464,0.9143368601799012,0.0315349549055099,0.7058268785476685,0.7150036692619324,0.7123413681983948,0.7321790456771851,1128.0096435546875,default
MSAGAT-Net.pprm-multistep,japan,20,5,none,30,True,20260811_025718,608.42578125,543.9622192382812,1508.2874394491257,1099.16943359375,0.8352802991867065,0.8423931002616882,,0.6200603246688843,0.6223921179771423,0.6269696950912476,0.6396493911743164,1353.6817626953125,default
MSAGAT-Net.sgate,japan,20,5,none,30,True,20260811_032213,563.9083862304688,501.5885620117188,1465.0660394671634,1072.582763671875,0.8537311553955078,0.8569497466087341,,0.6415233612060547,0.6362835168838501,0.6526718139648438,0.6619486808776855,1329.37548828125,default
MSAGAT-Net.pprm-multistep.sgate,japan,20,5,none,30,True,20260811_034353,555.0360107421875,478.6974792480469,1429.0168823355448,1049.8907470703125,0.8666779398918152,0.8654893040657043,,0.6589475870132446,0.6487693786621094,0.6723370552062988,0.6795596480369568,1329.220458984375,default
MSAGAT-Net.loggrowth,japan,20,5,none,30,True,20260811_045756,653.8941650390625,577.7637939453125,1691.7120026765783,1267.423583984375,0.7708759307861328,0.7562731504440308,,0.5220314264297485,0.4469442963600158,0.5251496434211731,0.45650115609169,1517.460693359375,default
MSAGAT-Net,japan,20,5,none,30,True,20260811_091852,632.2462158203125,572.7044677734375,1577.403483576729,1155.4178466796875,0.8152235150337219,0.8219860196113586,,0.5844416618347168,0.5799835324287415,0.5963518023490906,0.6067273616790771,1443.50830078125,default
MSAGAT-Net.loggrowth.quant,japan,20,5,none,30,True,20260814_031908,557.1184462056697,481.576719963507,1467.354874385481,1100.2655968015736,0.8190257167769643,0.7980209907346049,,0.6404024107667493,0.5960435669531444,0.6473491190169262,0.615526141222158,1354.3313929356043,default
MSAGAT-Net.loggrowth.quant.exp-nodecay-regpre,japan,20,5,none,30,True,20260819_084216,555.2033636513814,491.1414826414197,1502.5993353791712,1107.553671662403,0.831738177620174,0.8195585787915428,,0.6229205732257493,0.5960199067025489,0.6337269737153033,0.6224540097069126,1343.92099583625,default
EpiDelay-Net-Full,japan,20,5,none,42,False,20260201_221055,384.4368286132813,343.9232482910156,1132.6544044853222,821.0958862304688,0.8615074753761292,0.8801376819610596,0.025639921426773,0.6953331232070923,0.7172584533691406,0.697350025177002,0.7246849536895752,1176.5838623046875,default
MSAGAT-Net.pprm-multistep,japan,20,5,none,42,True,20260811_025641,536.0084838867188,474.6403198242188,1375.8728138894237,997.524658203125,0.8630610704421997,0.873683512210846,,0.6838428378105164,0.6908984780311584,0.6888402700424194,0.7071679830551147,1225.213623046875,default
MSAGAT-Net.sgate,japan,20,5,none,42,True,20260811_032134,544.2987060546875,490.0704650878906,1415.5358526014095,1029.3048095703125,0.8560519218444824,0.8627627491950989,,0.6653520464897156,0.6687328815460205,0.6750250458717346,0.6920478343963623,1299.788818359375,default
MSAGAT-Net.pprm-multistep.sgate,japan,20,5,none,42,True,20260811_034300,528.9901733398438,470.8350524902344,1384.546315585001,1004.8834228515624,0.8612446188926697,0.8714548349380493,,0.6798441410064697,0.6851146221160889,0.6859197616577148,0.7036792039871216,1241.306640625,default
MSAGAT-Net.loggrowth,japan,20,5,none,42,True,20260811_045655,483.49517822265625,411.3453979492188,1249.2901984727168,939.9276733398438,0.8799142837524414,0.867190420627594,,0.7393407821655273,0.7024713158607483,0.7451885342597961,0.7195939421653748,1185.72607421875,default
MSAGAT-Net,japan,20,5,none,42,True,20260811_091841,558.3004760742188,510.3893432617188,1436.8027874416168,1040.5865478515625,0.8516883850097656,0.8618863821029663,,0.6552210450172424,0.6634001731872559,0.6640901565551758,0.6844697594642639,1311.267578125,default
MSAGAT-Net.loggrowth.quant,japan,20,5,none,42,True,20260814_031926,486.8068620954604,429.9124301839568,1317.294075595411,963.4968934945532,0.8736450697157823,0.8722248776143396,,0.7101909584147601,0.7005591680758895,0.7160366890027472,0.7167169527511038,1180.0902476671297,default
MSAGAT-Net.loggrowth.quant.exp-nodecay-regpre,japan,20,5,none,42,True,20260819_021009,468.9639022187984,414.3209730169031,1292.254923943046,944.8607987790688,0.8804680663423686,0.8803971910490112,,0.7211036409189305,0.7131409530889677,0.7283627525229591,0.7309874996176805,1165.1825754721488,default
MSAGAT-Net.loggrowth.quant.exp-nodecay-regpre-temp,japan,20,5,none,42,True,20260819_024410,473.5716258160612,403.7586750892482,1274.6488163467684,944.4220446605418,0.8766138039501497,0.8696159237976681,,0.7286514236092855,0.7017514119688399,0.7333825095154346,0.7167698745118538,1154.1660326614965,default
MSAGAT-Net.loggrowth.quant.exp-nodecay-regpre-init10,japan,20,5,none,42,True,20260819_025244,513.3267317400878,438.6972116897241,1412.422130164097,1039.4905111119544,0.8629444569584251,0.8570865447475121,,0.6668226416204643,0.645724918241393,0.6757107073263324,0.6688931851584281,1245.7583353355362,default
MSAGAT-Net.loggrowth.quant.exp-nodecay-regpre-lrx10,japan,20,5,none,42,True,20260819_070030,505.6712730675482,450.11249426074806,1355.8544262549551,996.5350058866272,0.8558107555314004,0.8550511508615679,,0.6929758201995083,0.6804425208718526,0.6986635142105597,0.6966620953211909,1231.7394095123473,default
MSAGAT-Net.loggrowth.quant.exp-nodecay-regpre-adjstd,japan,20,5,none,42,True,20260819_071241,477.9182004276742,422.8791097400738,1301.093716828006,946.7578459453604,0.8764500951724066,0.879023650497245,,0.7172753906955536,0.7182974211145374,0.724540387621655,0.7353434754213032,1185.0396343359223,default
MSAGAT-Net.loggrowth.quant.exp-nodecay-regpre-scorenorm,japan,20,5,none,42,True,20260819_071921,550.7126188259718,479.4324768249606,1531.2402164941925,1126.3040539190793,0.8349605020420569,0.8346919986889314,,0.6084086344706685,0.5918432916327742,0.6228350899437771,0.6241507462192701,1357.6211372811408,default
MSAGAT-Net.loggrowth.quant.exp-nodecay-regpre-multgate,japan,20,5,none,42,True,20260819_072754,554.525834701199,502.8411925459872,1541.9859050751877,1122.5140111558703,0.8359648354334858,0.8435269403407989,,0.6028932572700718,0.6048260952040798,0.6188125031774843,0.6393077453300412,1372.2930083384226,default
MSAGAT-Net.loggrowth.quant.exp-nodecay-regpre-rank2,japan,20,5,none,42,True,20260819_073344,628.0820663524978,556.9060268724995,1693.8855319776835,1252.1556651044475,0.8024222625210131,0.802274628739158,,0.5208024703049845,0.495719355177287,0.5470170941753436,0.5519118116400485,1558.4883143263746,default
MSAGAT-Net.loggrowth.quant.exp-nodecay-regpre-rank16,japan,20,5,none,42,True,20260819_073836,537.8424356781603,462.2505342909503,1388.962987538478,1043.960458190374,0.8484152639065019,0.8240035032840184,,0.6777983208538211,0.6250681365499436,0.6853341237620129,0.6463990763351741,1290.7978148691311,default
MSAGAT-Net.loggrowth.quant.exp-nodecay-regpre-adjstd-lrx10,japan,20,5,none,42,True,20260819_074541,499.5300717237148,425.2789276652777,1290.7532220304502,970.1885250947764,0.8641091251711622,0.846371153484938,,0.721751463322484,0.6743006918791142,0.7249385631586275,0.6887518124418929,1197.700107606063,default
MSAGAT-Net.loggrowth.quant.exp-nodecay-regent,japan,20,5,none,42,True,20260819_075050,491.7763758678567,431.4339800429012,1346.9537988188868,987.9096678785504,0.872062478728071,0.87130215622818,,0.6969935646317,0.6831176400974136,0.7048503808833761,0.704033419312492,1205.2882053955389,default
MSAGAT-Net.loggrowth.quant.exp-nodecay-regpre.renewal,japan,20,5,none,42,True,20260819_111708,615.9840353033825,563.8834982117905,1856.4503611368848,1303.9994788392553,0.7599344826865676,0.8002810402513675,,0.4244101380268549,0.5020094103983813,0.4527524251267123,0.5509629558421739,1551.3725349601286,default
MSAGAT-Net.loggrowth.quant.exp-nodecay-regpre-renewal_lag0.renewal,japan,20,5,none,42,True,20260819_112659,617.535486735399,577.3453637957433,1843.925202112089,1298.008316083901,0.7999375753383106,0.8315637735915927,,0.4321507537223327,0.508314787406678,0.467608619060606,0.5678145126847995,1563.2636949317173,default
MSAGAT-Net.loggrowth.quant.exp-nodecay-regpre.renewal7,japan,20,5,none,42,True,20260819_113714,627.3575441238728,584.6804654864563,1838.016793462078,1308.3317441990569,0.7892595621582899,0.8105330517884601,,0.4357839923355675,0.4914971209723578,0.4720303021619716,0.5541803487140093,1583.6492568998897,default
MSAGAT-Net.loggrowth.quant.exp-nodecay-regpre.renewal21,japan,20,5,none,42,True,20260819_114647,617.4683290130824,576.4530945023205,1839.3973684161524,1295.1342065795627,0.7334168990664125,0.804141803370155,,0.4349360838375786,0.5032038940647665,0.460715000018172,0.5559654134171828,1564.8851974668803,default
MSAGAT-Net.loggrowth.quant.exp-nodecay-regpre-renewres-renewal_lag0.renewal7,japan,20,5,none,42,True,20260819_115731,624.4118191205259,564.223648795344,1844.5265942466733,1327.201842049627,0.8076178269400865,0.8188029557609556,,0.4317802877623283,0.4685983388141805,0.4674059229030302,0.5313278022490431,1592.534790833116,default
MSAGAT-Net.loggrowth.quant.exp-nodecay-regpre-renewres.renewal7,japan,20,5,none,42,True,20260819_120406,605.0436796315536,546.2273859622726,1712.5939469942768,1242.5778371319668,0.7760630199143795,0.7849776309663957,,0.5101588536136143,0.5208753500946495,0.5284382949901563,0.5558749092387649,1513.8404837310973,default
MSAGAT-Net.loggrowth.quant.exp-nodecay-regpre-reniter.renewal7,japan,20,5,none,42,True,20260820_022653,561.4983857737849,536.5389690416691,1651.512117145693,1159.946715126321,0.7761120895768585,0.8111579666908092,,0.5444773437176351,0.6038725672448788,0.5562918747147281,0.6238355022411628,1399.5326414472893,default
MSAGAT-Net.loggrowth.quant.exp-nodecay-regpre-reniter.renewal14,japan,20,5,none,42,True,20260820_041122,567.2609360527847,505.9219543160996,1591.0864222755924,1168.8921781626038,0.7653301904516863,0.8154776433345102,,0.5772009598470761,0.5564072160830806,0.5821739292710432,0.5864686984245325,1408.3435254481858,default
MSAGAT-Net.loggrowth.quant.exp-nodecay-regpre-reniter-renewres.renewal7,japan,20,5,none,42,True,20260820_042241,550.5814928143583,533.7192633929599,1645.737423735359,1157.559892241454,0.7968907386960613,0.8243226883947494,,0.5476573443144077,0.6088584836826093,0.5653802208104509,0.6372505086548943,1393.1882561267992,default
MSAGAT-Net.loggrowth.quant.exp-nodecay-regpre-reniter-giunif.renewal7,japan,20,5,none,42,True,20260820_092948,551.6198288479475,512.2086196593065,1577.8732116760357,1144.7809168338454,0.7945067577864708,0.8063352478247185,,0.5841940884938283,0.5959357975013752,0.5980897010613895,0.621458276118619,1399.228660706655,default
MSAGAT-Net.loggrowth.quant.exp-nodecay-regpre-reniter.renewal7.gifix5.2-1.72,japan,20,5,none,42,True,20260820_103328,623.4383678027561,562.7901100837454,1755.737088681564,1266.903985063874,0.794319841419233,0.7993633748085175,,0.4851681339497731,0.5124869352019173,0.5138870065731242,0.5630489506736618,1553.9014162956503,default
MSTAGAT-Net,japan,20,5,none,45,False,20260127_024213,355.67431640625,318.0225524902344,1067.3703082810575,772.1251831054688,0.8922857046127319,0.9073033332824708,0.0237358640879392,0.72944176197052,0.7470507621765137,0.7317430973052979,0.7545726299285889,1081.0802001953125,default
EpiSIG-Net-V3,japan,20,5,none,45,True,20260203_014732,451.7410278320313,388.5167236328125,1200.3727546058349,886.097412109375,0.8355498313903809,0.8407013416290283,0.0889403447508812,0.6578136086463928,0.653691291809082,0.658218502998352,0.6603158712387085,1266.50634765625,default
MSAGAT-Net.pprm-multistep,japan,20,5,none,45,True,20260811_025811,554.8916625976562,499.5793762207031,1422.9917427729508,1033.068603515625,0.8626545667648315,0.8715714812278748,,0.6618174314498901,0.6692283153533936,0.6722642183303833,0.6935032606124878,1299.3697509765625,default
MSAGAT-Net.sgate,japan,20,5,none,45,True,20260811_032304,534.05712890625,489.1576232910156,1422.0481707734095,1025.80517578125,0.8581750392913818,0.8707762360572815,,0.6622657775878906,0.6753138303756714,0.670930027961731,0.6960209608078003,1271.9786376953125,default
MSAGAT-Net.pprm-multistep.sgate,japan,20,5,none,45,True,20260811_034447,582.987060546875,531.2457885742188,1464.938565264769,1060.3153076171875,0.8505275845527649,0.8626130819320679,,0.6415857672691345,0.6542348861694336,0.653185248374939,0.6798719763755798,1350.14404296875,default
MSAGAT-Net.loggrowth,japan,20,5,none,45,True,20260811_045845,546.1370849609375,481.2569580078125,1450.6860446009673,1080.826904296875,0.8290579319000244,0.8155201077461243,,0.6485259532928467,0.615860641002655,0.6578007936477661,0.6391338109970093,1341.3468017578125,default
MSAGAT-Net,japan,20,5,none,45,True,20260811_091903,552.2418823242188,507.2532348632813,1433.372727171827,1037.6939697265625,0.8482309579849243,0.8589881658554077,,0.6568652391433716,0.6666596531867981,0.6664954423904419,0.6892969012260437,1312.1610107421875,default
MSAGAT-Net.loggrowth.quant,japan,20,5,none,45,True,20260814_031940,514.8143853966226,439.093390539672,1288.877914055707,969.8539853694618,0.853444945513974,0.8369580836703228,,0.7225593987722387,0.674770259584404,0.7234242244489205,0.683043835225386,1205.6415514796086,default
MSAGAT-Net.loggrowth.quant.exp-nodecay-regpre,japan,20,5,none,45,True,20260819_084301,538.4025370739514,474.4938602031965,1426.8308808144448,1052.6671712335474,0.8360661248006227,0.8289204000779558,,0.659990185139128,0.6304569063953964,0.667614338960564,0.6532244213109004,1300.3101404063664,default
EpiSIG-Net-V3,japan,20,5,none,100,True,20260203_014900,329.2553100585937,283.59356689453125,962.71922827998,711.128173828125,0.911288857460022,0.9148582220077516,0.0202141627669334,0.7798950672149658,0.7766735553741455,0.7827845811843872,0.7859926223754883,1038.3004150390625,default
MSTAGAT-Net,japan,20,5,none,123,False,20260127_024244,407.8191528320313,356.4831848144531,1220.9079101226268,896.4302978515625,0.8417266011238098,0.8501557111740112,0.0270778443664312,0.6460056900978088,0.6530011892318726,0.6496805548667908,0.6630899310112,1279.352294921875,default
EpiSIG-Net-V3,japan,20,5,none,123,True,20260203_015042,420.5295104980469,360.3597412109375,1233.5375956978369,918.8306274414062,0.8339464068412781,0.8284151554107666,0.0303722415119409,0.6386439800262451,0.624586820602417,0.644433856010437,0.6392814517021179,1292.62158203125,default
MSAGAT-Net,japan,20,5,none,123,True,20260811_091915,637.0801391601562,579.446044921875,1563.160580362747,1133.143310546875,0.8161187171936035,0.8320404887199402,,0.5919121503829956,0.6034052968025208,0.6016428470611572,0.6262836456298828,1426.193359375,default
MSAGAT-Net.loggrowth.quant,japan,20,5,none,123,True,20260814_031853,490.7685925511241,411.704804553569,1246.7787320408486,947.3150403615484,0.8929117458604078,0.8678422199004384,,0.7403877243399319,0.6871046721553618,0.748814216561928,0.7094725292209794,1184.4714033609746,default
MSAGAT-Net.loggrowth.quant.exp-nodecay-regpre,japan,20,5,none,123,True,20260819_084434,484.0788794370408,418.95596577839376,1319.9386601801384,978.5542408531164,0.8843472498908924,0.87838158103041,,0.7090261557018696,0.6807507114390622,0.718343282644042,0.7054922410467608,1185.6218222486032,default
EpiSIG-Net-V3,japan,20,5,none,500,True,20260203_015139,373.1766357421875,336.1189270019531,1131.621347889832,822.9487915039062,0.8633596897125244,0.8773283362388611,0.0156865939497947,0.6958885788917542,0.7120047807693481,0.6995301246643066,0.7215738296508789,1156.0394287109375,default
MSTAGAT-Net,japan,20,5,none,1000,False,20260127_024308,441.3179321289063,403.9027404785156,1234.420562450253,894.5358276367188,0.8183798789978027,0.8420003652572632,0.0523148365318775,0.6381264925003052,0.665455162525177,0.6387696266174316,0.6705413460731506,1278.483642578125,default
EpiSIG-Net-V3,japan,20,5,none,1000,True,20260203_015308,417.8528137207031,368.3322143554688,1232.4914807007794,913.5996704101562,0.8195584416389465,0.8186402916908264,0.0068024960346519,0.6392567157745361,0.6313785910606384,0.6425255537033081,0.640904426574707,1312.7919921875,default
MSAGAT-Net,japan,20,5,none,1000,True,20260811_091926,655.6892700195312,571.2383422851562,1659.6488333379443,1220.111572265625,0.793952465057373,0.7963489890098572,,0.5399777293205261,0.5226443409919739,0.5493243932723999,0.5460414290428162,1454.9476318359375,default
MSAGAT-Net.loggrowth.quant,japan,20,5,none,1000,True,20260814_031842,496.5953625352187,436.9857325253223,1393.7155795404062,1020.7616187885816,0.8878508057677077,0.8886287942423557,,0.6755896040810445,0.6666461594832963,0.6923147256069009,0.7042010845392188,1250.4378443274743,default
MSAGAT-Net.loggrowth.quant.exp-nodecay-regpre,japan,20,5,none,1000,True,20260819_084601,519.7407197653704,444.1208424473342,1410.9638516002244,1046.6063903003544,0.8599317461120245,0.8488307748150745,,0.6675102753943088,0.6442672619379602,0.6783106444236777,0.6695853696918579,1278.1061581746949,default
EpiSIG-Net-V3,japan,20,7,no_agam,1,True,20260204_211433,390.4729919433594,343.7585144042969,1250.8020426910086,914.291748046875,0.8674404621124268,0.8741170167922974,0.0072157271206378,0.6284582614898682,0.6378198862075806,0.6406896114349365,0.6646879315376282,1287.851318359375,default
MSAGAT-Net,japan,20,7,no_agam,5,False,20260410_023020,641.6529541015625,540.7156372070312,1634.9516812432105,1222.5445556640625,0.8244786262512207,0.7982734441757202,,0.5535669922828674,0.5028482675552368,0.5762773752212524,0.5528202056884766,1500.089111328125,default
MSTAGAT-Net,japan,20,7,no_agam,5,True,20260209_080010,611.374755859375,517.4378662109375,1509.980463449776,1131.713134765625,0.8492224216461182,0.8248022198677063,0.0581667236983776,0.6192069053649902,0.5677455067634583,0.635577380657196,0.6069658994674683,1418.6549072265625,default
MSTAGAT-Net,japan,20,7,no_agam,42,True,20260209_101451,690.4910278320312,579.3519897460938,1759.2646901475628,1312.220947265625,0.7792948484420776,0.7514492869377136,0.0596668943762779,0.4830972552299499,0.439827412366867,0.5067610144615173,0.4891568720340729,1581.367919921875,default
EpiSIG-Net-V3,japan,20,7,no_mtfm,1,True,20260204_211952,390.4729919433594,343.7585144042969,1250.8020426910086,914.291748046875,0.8674404621124268,0.8741170167922974,0.0072157271206378,0.6284582614898682,0.6378198862075806,0.6406896114349365,0.6646879315376282,1287.851318359375,default
MSAGAT-Net,japan,20,7,no_mtfm,5,False,20260410_023113,634.53466796875,552.9405517578125,1587.309752379793,1169.1414794921875,0.8569180965423584,0.8533185720443726,,0.5792057514190674,0.5677338242530823,0.6025925874710083,0.6172435879707336,1480.780517578125,default
MSTAGAT-Net,japan,20,7,no_mtfm,5,True,20260209_080122,668.1145629882812,571.3514404296875,1585.7036293078224,1168.9927978515625,0.8543441295623779,0.84750896692276,0.1127221137285232,0.58005690574646,0.5642049312591553,0.6085252165794373,0.6248471140861511,1480.192138671875,default
MSTAGAT-Net,japan,20,7,no_mtfm,42,True,20260209_101541,597.6856689453125,524.4281616210938,1527.8042250236122,1128.154296875,0.8685212731361389,0.8611247539520264,0.0373396165668964,0.6101640462875366,0.593043863773346,0.6340456008911133,0.6432591080665588,1433.20947265625,default
EpiSIG-Net-V3,japan,20,7,no_pprm,1,True,20260204_212507,390.4729919433594,343.7585144042969,1250.8020426910086,914.291748046875,0.8674404621124268,0.8741170167922974,0.0072157271206378,0.6284582614898682,0.6378198862075806,0.6406896114349365,0.6646879315376282,1287.851318359375,default
MSAGAT-Net,japan,20,7,no_pprm,5,False,20260410_023155,680.57080078125,608.3170776367188,1665.28623665723,1231.177001953125,0.7809896469116211,0.7779866456985474,,0.5368472933769226,0.522061824798584,0.5553714036941528,0.5612589120864868,1547.1085205078125,default
MSTAGAT-Net,japan,20,7,no_pprm,5,True,20260209_080220,653.6982421875,573.5945434570312,1569.3299525593718,1163.619873046875,0.849624752998352,0.8389682173728943,0.0392513684928417,0.5886845588684082,0.5657121539115906,0.623021125793457,0.6363111734390259,1507.8804931640625,default
MSTAGAT-Net,japan,20,7,no_pprm,42,True,20260209_101636,561.888427734375,487.5943298339844,1468.7052120830783,1083.097412109375,0.8668510913848877,0.8623669147491455,0.0090073673054575,0.6397402882575989,0.6271153092384338,0.6621975898742676,0.6741687655448914,1390.7235107421875,default
EpiSIG-Net-V3,japan,20,7,none,1,True,20260204_211137,390.4729919433594,343.7585144042969,1250.8020426910086,914.291748046875,0.8674404621124268,0.8741170167922974,0.0072157271206378,0.6284582614898682,0.6378198862075806,0.6406896114349365,0.6646879315376282,1287.851318359375,default
MSAGAT-Net,japan,20,7,none,5,False,20260410_022852,626.4806518554688,546.89892578125,1581.1853148824775,1169.534423828125,0.8577183485031128,0.8477164506912231,,0.5824466347694397,0.5623524785041809,0.6072021126747131,0.6142579913139343,1464.316162109375,default
MSTAGAT-Net,japan,20,7,none,5,True,20260209_075849,661.81640625,576.3646240234375,1648.5120563708354,1221.2894287109375,0.836138904094696,0.8252573013305664,0.0670515522360801,0.5461307764053345,0.5235156416893005,0.5737348794937134,0.5811581015586853,1537.42822265625,default
MSTAGAT-Net,japan,20,7,none,42,True,20260209_101357,635.8029174804688,554.2259521484375,1502.1737582583448,1109.0526123046875,0.8550428152084351,0.8505001664161682,0.1032701879739761,0.6231341361999512,0.6096362471580505,0.6345856189727783,0.6361088752746582,1389.74169921875,default
EpiSIG-Net-V5,japan,20,10,none,1,True,20260204_115129,439.72857666015625,362.7702941894531,1225.2120734795262,923.6036376953124,0.8412772417068481,0.8268141150474548,0.0131892766803503,0.6435053944587708,0.612226665019989,0.6515905857086182,0.6317529678344727,1379.5213623046875,default
EpiSIG-Net-V5,japan,20,10,none,2,True,20260204_115304,506.5738525390625,414.3319396972656,1495.406550072588,1136.1483154296875,0.7803502082824707,0.7439203262329102,0.0200142785906791,0.4689333438873291,0.4085210561752319,0.4999050498008728,0.4721494317054748,1693.2685546875,default
EpiSIG-Net-V5,japan,20,10,none,3,True,20260204_115402,455.9766845703125,379.0579833984375,1230.2732420076445,917.43701171875,0.8576734066009521,0.8520600199699402,0.054288737475872,0.6405540704727173,0.622939944267273,0.6589282751083374,0.6619957685470581,1324.4716796875,default
EpiSIG-Net-V5,japan,20,10,none,4,True,20260204_115520,549.7194213867188,446.1474914550781,1468.3857633469484,1108.100830078125,0.8077191114425659,0.7893701791763306,0.0944142788648605,0.4879518747329712,0.4412234425544739,0.5313670039176941,0.5307055711746216,1627.2913818359375,default
EpiSIG-Net,japan,20,10,none,5,False,20260202_181833,553.6527099609375,459.9540100097656,1587.465038985111,1194.9124755859375,0.6810492873191833,0.6528359055519104,0.0174498073756694,0.4015349149703979,0.3556846976280212,0.4168757796287536,0.3877851068973541,1661.0919189453125,default
EpiSIG-Net-V5,japan,20,10,none,5,True,20260204_115632,508.4306335449219,416.4737854003906,1364.249977093641,1030.920166015625,0.8279155492782593,0.807559072971344,0.0539026632905006,0.5580039620399475,0.5164138078689575,0.5915806889533997,0.5830017924308777,1564.7127685546875,default
EpiSIG-Net-V5,japan,20,10,none,6,True,20260204_115756,480.7164611816406,394.2484436035156,1310.8142507617165,988.9542846679688,0.83338463306427,0.8126354813575745,0.0542179234325885,0.591950535774231,0.5546371340751648,0.6155126094818115,0.6009705066680908,1475.6436767578125,default
EpiSIG-Net-V5,japan,20,10,none,7,True,20260204_115853,459.792236328125,376.17431640625,1365.488328401235,1029.184814453125,0.8122687339782715,0.7866446375846863,0.0193421393632888,0.5572012066841125,0.5203254222869873,0.5757505893707275,0.5572008490562439,1510.11767578125,default
EpiSIG-Net-V5,japan,20,10,none,8,True,20260204_120059,520.8646850585938,426.1076049804688,1399.9821873866824,1059.0025634765625,0.8364318609237671,0.8171594738960266,0.0576952509582042,0.5345473885536194,0.4899257123470306,0.5750619769096375,0.572627067565918,1589.7410888671875,default
EpiSIG-Net-V5,japan,20,10,none,9,True,20260204_120251,500.3287658691406,415.0613098144531,1348.494530949236,1016.6727294921876,0.8263099193572998,0.8114143013954163,0.0470543168485164,0.5681540966033936,0.5326201319694519,0.5973974466323853,0.5923879742622375,1550.9996337890625,default
EpiSIG-Net-V5,japan,20,10,none,10,True,20260204_120410,473.0023193359375,389.7664184570313,1360.2711126830563,1025.54443359375,0.8360583782196045,0.8178477883338928,0.0179361328482627,0.5605784058570862,0.5239580273628235,0.5876743793487549,0.5802909135818481,1553.533203125,default
EpiSIG-Net-V3,japan,20,10,none,20,True,20260203_015805,474.4233093261719,392.2494201660156,1298.8538697636466,977.9898681640624,0.8207378387451172,0.8004093766212463,0.0305654276162385,0.5993629693984985,0.5637524127960205,0.6072643995285034,0.5828339457511902,1470.5643310546875,default
MSTAGAT-Net,japan,20,10,none,30,False,20260127_024417,476.39208984375,406.2172546386719,1359.5971829920802,1010.4526977539062,0.8203214406967163,0.8165510296821594,0.0111515605822205,0.5610136985778809,0.5473560690879822,0.5746487379074097,0.5770317316055298,1496.9354248046875,default
EpiSIG-Net-V3,japan,20,10,none,30,True,20260203_015856,504.2008972167969,411.4501647949219,1347.5249997680933,1015.4805297851562,0.8236615657806396,0.8079150319099426,0.0740350410342216,0.5687748193740845,0.5344038009643555,0.5789363384246826,0.5599428415298462,1476.865234375,default
MSAGAT-Net,japan,20,10,none,30,True,20260811_091948,637.2767944335938,532.2334594726562,1503.111522808604,1126.0306396484375,0.8490153551101685,0.8246870040893555,,0.6226634979248047,0.5806068778038025,0.6354261636734009,0.6109495162963867,1456.92138671875,default
MSAGAT-Net.loggrowth.quant,japan,20,10,none,30,True,20260814_031627,691.6279733323761,550.3999322429609,1765.9761007593988,1356.6530708780126,0.7387318671514278,0.6652810166101869,,0.4791458879401751,0.34822336886363,0.4998120612875841,0.4073837002852344,1591.7373483224492,default
MSAGAT-Net.loggrowth.quant.exp-nodecay-regpre,japan,20,10,none,30,True,20260819_084800,786.3560927213507,621.1648116699674,1947.334919214288,1516.3655465295883,0.6825737436439516,0.5530845709837237,,0.3666733597242407,0.1663072251817116,0.4085022685274369,0.2759512678135973,1848.516891336164,default
MSTAGAT-Net,japan,20,10,none,42,False,20260209_084003,637.31396484375,534.9434814453125,1561.6700195623914,1165.6292724609375,0.8498364090919495,0.8235363364219666,0.0618496127426624,0.592690110206604,0.5506677627563477,0.6114565134048462,0.5912345051765442,1496.967041015625,default
MSTAGAT-Net,japan,20,10,none,42,True,20260209_092704,651.999267578125,550.8131103515625,1584.0939050447737,1180.6412353515625,0.8311089873313904,0.8068103194236755,0.0588840618729591,0.580909013748169,0.5411059856414795,0.5974196195602417,0.5778161287307739,1520.9586181640625,default
MSAGAT-Net,japan,20,10,none,42,True,20260811_091937,651.999267578125,550.8131103515625,1584.0939050447737,1180.6412353515625,0.8311089873313904,0.8068103194236755,,0.580909013748169,0.5411059856414795,0.5974196195602417,0.5778161287307739,1520.9586181640625,default
MSAGAT-Net.loggrowth.quant,japan,20,10,none,42,True,20260814_031638,730.6706219756857,593.1274620970812,1780.915245859478,1362.7566571736452,0.7727192119626725,0.7086741368304325,,0.4702963604310375,0.3582112471705487,0.4981688957646719,0.423913728207026,1677.1350703705998,default
MSAGAT-Net.loggrowth.quant.exp-nodecay-regpre,japan,20,10,none,42,True,20260819_084701,819.4544904973006,667.4109834531854,1902.829845388556,1469.641917793104,0.6493756442801542,0.5504758842577202,,0.3952910971331208,0.2269412149650161,0.4122355152109729,0.2766895506220446,1793.9077985693962,default
MSTAGAT-Net,japan,20,10,none,45,False,20260127_024452,482.35107421875,407.2477111816406,1432.2525527992611,1071.4075927734375,0.7874066829681396,0.770542562007904,0.0125207072123885,0.5128421783447266,0.4865675270557403,0.529083251953125,0.5196928977966309,1486.390625,default
EpiSIG-Net-V3,japan,20,10,none,45,True,20260203_020051,487.7265930175781,400.4058532714844,1373.3096427972823,1030.446533203125,0.8302961587905884,0.8141120076179504,0.0401235893368721,0.5521141290664673,0.5216822028160095,0.5662731528282166,0.5549324750900269,1505.77880859375,default
MSAGAT-Net,japan,20,10,none,45,True,20260811_092000,837.5963745117188,714.2538452148438,2117.1075787498376,1575.9031982421875,0.6468506455421448,0.6294429302215576,,0.2514302134513855,0.1948754787445068,0.3040965795516968,0.3010801672935486,1972.270263671875,default
MSAGAT-Net.loggrowth.quant,japan,20,10,none,45,True,20260814_031648,816.9292634835722,673.0997563267432,2188.153616676376,1661.264485709989,0.5837366737983416,0.4968408648473719,,0.2003460826892936,0.0612610062461983,0.2726849382929757,0.2213936145460067,2049.373375536,default
MSAGAT-Net.loggrowth.quant.exp-nodecay-regpre,japan,20,10,none,45,True,20260819_085057,827.63573869532,670.176300377431,2164.6519572146567,1651.4796498865503,0.541554509820237,0.4440978852371472,,0.2174310539061741,0.0632574184283005,0.2745650210667482,0.1912112746805811,2049.254171764475,default
EpiSIG-Net-V3,japan,20,10,none,100,True,20260203_020153,442.073974609375,368.5516357421875,1313.8611037701055,986.758056640625,0.8407472372055054,0.827229380607605,0.0048044407740235,0.5900514125823975,0.5609273314476013,0.6097031831741333,0.6038980484008789,1493.429931640625,default
MSTAGAT-Net,japan,20,10,none,123,False,20260127_024601,444.8351440429688,379.17913818359375,1265.968009074479,941.847900390625,0.8231246471405029,0.8191054463386536,0.0285353101789951,0.6193937659263611,0.6064682602882385,0.6247370839118958,0.620600163936615,1389.504638671875,default
EpiSIG-Net-V3,japan,20,10,none,123,True,20260203_020256,448.3491821289063,386.2834777832031,1312.192297264391,973.7560424804688,0.8410820364952087,0.8367109894752502,0.0197883881628513,0.5910921692848206,0.5818082690238953,0.6045770645141602,0.6104577779769897,1441.1636962890625,default
MSAGAT-Net,japan,20,10,none,123,True,20260811_092011,677.5833740234375,537.5253295898438,1686.069986685013,1289.5513916015625,0.8092430830001831,0.7458125948905945,,0.5252143144607544,0.4243127107620239,0.5514042377471924,0.4892109930515289,1584.81201171875,default
MSAGAT-Net.loggrowth.quant,japan,20,10,none,123,True,20260814_031617,694.0613095166473,539.695272000073,1698.989078415657,1340.0869067355557,0.7286126930091896,0.627707201008094,,0.51791054991024,0.3144093922315196,0.5288937616703557,0.3599073257266514,1617.2631745504502,default
MSAGAT-Net.loggrowth.quant.exp-nodecay-regpre,japan,20,10,none,123,True,20260819_085213,807.3243836649283,605.3395879789604,1913.0147882191493,1521.30592488024,0.6403538196130119,0.4941874796198204,,0.3888003344208949,0.100041146418403,0.3972704692259082,0.1435771991868923,1865.4723154747269,default
EpiSIG-Net-V3,japan,20,10,none,500,True,20260203_020448,469.5496520996094,390.5721130371094,1399.309785215554,1052.0057373046875,0.8136443495750427,0.7888289093971252,0.0256411619484424,0.53499436378479,0.4968666434288025,0.5540784597396851,0.5363205671310425,1554.9638671875,default
MSTAGAT-Net,japan,20,10,none,1000,False,20260127_024619,537.7183227539062,463.07916259765625,1503.2866493120998,1109.57958984375,0.7535793781280518,0.7653826475143433,0.0235209800302982,0.4633216857910156,0.4655765891075134,0.4741840958595276,0.4886427819728851,1495.19775390625,default
EpiSIG-Net-V3,japan,20,10,none,1000,True,20260203_020547,453.9832763671875,380.899169921875,1295.7595263010803,964.2616577148438,0.8262072801589966,0.8210710287094116,0.028143722563982,0.6012696623802185,0.5868780016899109,0.608055591583252,0.6057121157646179,1384.0924072265625,default
MSAGAT-Net,japan,20,10,none,1000,True,20260811_092022,732.9746704101562,624.8305053710938,1925.6931868810248,1433.575439453125,0.7182186841964722,0.6980302929878235,,0.3806720972061157,0.3333514928817749,0.4190622568130493,0.4136237800121307,1751.574462890625,default
MSAGAT-Net.loggrowth.quant,japan,20,10,none,1000,True,20260814_031606,745.0006335803803,594.3061677505779,1904.774927141576,1463.4936337347233,0.7140749957626066,0.6246747511765633,,0.3940541926158271,0.2554044062603196,0.4317293873499148,0.3439265269357465,1779.9827387574103,default
MSAGAT-Net.loggrowth.quant.exp-nodecay-regpre,japan,20,10,none,1000,True,20260819_085320,795.8870916218743,626.2928976092473,1949.234163574069,1515.800276410395,0.6193951196032287,0.5080338017162234,,0.3654373847451507,0.1652949777916024,0.3820285634841275,0.215286455827516,1835.0085329685244,default
EpiSIG-Net-V3,japan,20,14,no_agam,1,True,20260204_211709,481.0592651367188,393.0291137695313,1285.9858572317194,970.9754028320312,0.7913433909416199,0.7812066674232483,0.0438389740884304,0.6072620749473572,0.5662659406661987,0.6094527244567871,0.580116331577301,1405.93505859375,default
MSAGAT-Net,japan,20,14,no_agam,5,False,20260410_023045,673.249755859375,556.4249267578125,1607.8316920623254,1211.8406982421875,0.7963361740112305,0.7750598192214966,,0.5682547092437744,0.5094779133796692,0.5770341157913208,0.5447385907173157,1442.2841796875,default
MSTAGAT-Net,japan,20,14,no_agam,5,True,20260209_080046,672.571044921875,567.626220703125,1616.9225398886615,1209.6295166015625,0.8022586107254028,0.7786051034927368,0.0624822191894054,0.5633586645126343,0.5177150368690491,0.5735266208648682,0.5487451553344727,1446.9354248046875,default
MSTAGAT-Net,japan,20,14,no_agam,42,True,20260209_101515,690.1931762695312,574.889892578125,1620.2666447224049,1223.401123046875,0.7920644283294678,0.7712020874023438,0.0553068071603775,0.5615506172180176,0.4953576028347015,0.5705468654632568,0.5356512069702148,1460.823974609375,default
EpiSIG-Net-V3,japan,20,14,no_mtfm,1,True,20260204_212231,481.0592651367188,393.0291137695313,1285.9858572317194,970.9754028320312,0.7913433909416199,0.7812066674232483,0.0438389740884304,0.6072620749473572,0.5662659406661987,0.6094527244567871,0.580116331577301,1405.93505859375,default
MSAGAT-Net,japan,20,14,no_mtfm,5,False,20260410_023136,674.1509399414062,571.6774291992188,1706.518531982586,1276.608642578125,0.76570725440979,0.7382716536521912,,0.5136281251907349,0.4624121189117431,0.5307585000991821,0.5020307302474976,1551.11767578125,default
MSTAGAT-Net,japan,20,14,no_mtfm,5,True,20260209_080147,732.4534301757812,622.5632934570312,1861.57775824702,1388.2618408203125,0.738483726978302,0.7085286974906921,0.0788682699203491,0.4212262630462646,0.3649054169654846,0.4538406133651733,0.4346360862255096,1729.44140625,default
MSTAGAT-Net,japan,20,14,no_mtfm,42,True,20260209_101606,652.85595703125,558.710205078125,1578.8145077874094,1170.5103759765625,0.8099634051322937,0.8042576313018799,0.047290563583374,0.5836977958679199,0.5596816539764404,0.5928589105606079,0.5870819687843323,1419.1058349609375,default
EpiSIG-Net-V3,japan,20,14,no_pprm,1,True,20260204_212735,481.0592651367188,393.0291137695313,1285.9858572317194,970.9754028320312,0.7913433909416199,0.7812066674232483,0.0438389740884304,0.6072620749473572,0.5662659406661987,0.6094527244567871,0.580116331577301,1405.93505859375,default
MSAGAT-Net,japan,20,14,no_pprm,5,False,20260410_023222,629.293212890625,542.6759643554688,1630.5486806593665,1211.4912109375,0.7945581674575806,0.780549168586731,,0.5559682846069336,0.5231230854988098,0.5732717514038086,0.5624772310256958,1483.3367919921875,default
MSTAGAT-Net,japan,20,14,no_pprm,5,True,20260209_080241,705.61962890625,585.365234375,1761.140113676365,1327.599853515625,0.7817280888557434,0.7535272836685181,0.0447341054677963,0.48199462890625,0.4183455407619476,0.5172784328460693,0.4941063225269317,1698.6546630859375,default
MSTAGAT-Net,japan,20,14,no_pprm,42,True,20260209_101702,636.2056274414062,538.5469970703125,1612.3384415190255,1202.1033935546875,0.7919955253601074,0.7736088633537292,0.0168064814060926,0.5658309459686279,0.528163492679596,0.5779393911361694,0.557866096496582,1466.777099609375,default
EpiSIG-Net-V3,japan,20,14,none,1,True,20260204_211256,481.0592651367188,393.0291137695313,1285.9858572317194,970.9754028320312,0.7913433909416199,0.7812066674232483,0.0438389740884304,0.6072620749473572,0.5662659406661987,0.6094527244567871,0.580116331577301,1405.93505859375,default
MSAGAT-Net,japan,20,14,none,5,False,20260410_022941,701.9421997070312,586.5313720703125,1780.2235814638564,1326.282958984375,0.7435685396194458,0.7231900691986084,,0.4707077145576477,0.4257358312606811,0.4891875386238098,0.4688624441623688,1593.536865234375,default
MSTAGAT-Net,japan,20,14,none,5,True,20260209_075926,657.8408813476562,547.9329833984375,1613.435232663524,1204.607421875,0.8009014129638672,0.7874253988265991,0.049377467483282,0.5652400255203247,0.5296939015388489,0.5787147283554077,0.5634897947311401,1471.2532958984375,default
MSTAGAT-Net,japan,20,14,none,42,True,20260209_101420,627.4654541015625,531.8128662109375,1560.2423689927152,1155.48779296875,0.8242079019546509,0.8181889057159424,0.0602710619568824,0.5934344530105591,0.5728695392608643,0.6067935228347778,0.6052969098091125,1428.6712646484375,default
EpiSIG-Net-V5,japan,20,15,none,1,True,20260204_120541,450.0154113769531,362.8857116699219,1208.6698267103386,914.8712768554688,0.8370329737663269,0.8264431953430176,0.0193131044507026,0.653066873550415,0.6140381693840027,0.6599442958831787,0.635191023349762,1352.698486328125,default
EpiSIG-Net-V5,japan,20,15,none,2,True,20260204_120703,465.3999938964844,384.7301940917969,1218.5027185033275,916.8965454101562,0.826324462890625,0.8266233205795288,0.0271406285464763,0.6473990678787231,0.6235800981521606,0.6535599231719971,0.6423585414886475,1336.009033203125,default
EpiSIG-Net-V5,japan,20,15,none,3,True,20260204_120802,454.94189453125,377.29498291015625,1241.7655777158586,927.9204711914062,0.8185878396034241,0.8218610882759094,0.0231456290930509,0.6338073015213013,0.6180381178855896,0.6360956430435181,0.6310043334960938,1290.0928955078125,default
EpiSIG-Net-V5,japan,20,15,none,4,True,20260204_120842,574.8819580078125,483.57568359375,1457.6118310441914,1083.997314453125,0.7508900761604309,0.7555903196334839,0.0780479535460472,0.4954383969306946,0.4844901263713836,0.5058255195617676,0.5116593241691589,1481.8095703125,default
EpiSIG-Net,japan,20,15,none,5,False,20260202_181748,590.1461181640625,498.1521911621094,1520.522360901016,1131.7923583984375,0.7011309862136841,0.7038210034370422,0.0430547520518302,0.450944721698761,0.4364151656627655,0.4545454382896423,0.4502260684967041,1473.1771240234375,default
EpiSIG-Net-V5,japan,20,15,none,5,True,20260204_121012,467.7004699707031,388.4083557128906,1317.9091395084868,980.2142333984376,0.8512910008430481,0.8496946096420288,0.0117533020675182,0.5875214338302612,0.5778568983078003,0.6080024242401123,0.6195619702339172,1433.6939697265625,default
EpiSIG-Net-V5,japan,20,15,none,6,True,20260204_121145,467.7208862304688,385.4819030761719,1246.1312129948435,934.8858032226562,0.8269098997116089,0.8230838179588318,0.030817037448287,0.631227970123291,0.6108774542808533,0.6398725509643555,0.6323754191398621,1330.5474853515625,default
EpiSIG-Net-V5,japan,20,15,none,7,True,20260204_121349,466.1413269042969,391.77581787109375,1370.674742599425,1013.965576171875,0.7961599826812744,0.8068330883979797,0.0140733439475297,0.5538311004638672,0.5536593794822693,0.5647661089897156,0.5799165964126587,1421.103271484375,default
EpiSIG-Net-V5,japan,20,15,none,8,True,20260204_121455,514.1953125,431.09619140625,1296.4972040077837,970.988525390625,0.7950757741928101,0.7975329160690308,0.0463188663125038,0.6008155345916748,0.578917920589447,0.6070253849029541,0.6013152599334717,1359.334228515625,default
EpiSIG-Net-V5,japan,20,15,none,9,True,20260204_121613,484.8196411132813,402.120361328125,1266.712575922415,949.2582397460938,0.8026092052459717,0.8068100810050964,0.0314527712762355,0.6189459562301636,0.5977544784545898,0.6197267770767212,0.6114930510520935,1314.1739501953125,default
EpiSIG-Net-V5,japan,20,15,none,10,True,20260204_121725,571.0253295898438,471.3703308105469,1392.9855078212408,1038.1168212890625,0.767352819442749,0.777949869632721,0.10046848654747,0.5391881465911865,0.5242343544960022,0.5395270586013794,0.5363020300865173,1381.1759033203125,default
EpiSIG-Net-V3,japan,20,15,none,20,True,20260203_021106,444.5160217285156,372.6701049804688,1249.9513490532345,932.2518310546876,0.8462835550308228,0.8445530533790588,0.0342977754771709,0.6289634704589844,0.617179274559021,0.6390285491943359,0.6413304805755615,1363.760498046875,default
MSTAGAT-Net,japan,20,15,none,30,False,20260127_024719,515.901123046875,428.936279296875,1408.8733530732989,1043.510498046875,0.8124589920043945,0.821744978427887,0.0416573174297809,0.5286165475845337,0.5234169363975525,0.5346028804779053,0.5389651656150818,1410.4425048828125,default
EpiSIG-Net-V3,japan,20,15,none,30,True,20260203_021316,466.75927734375,379.3367004394531,1332.3301017390547,1006.1065673828124,0.7976499795913696,0.7794946432113647,0.0282911192625761,0.5784450769424438,0.536586582660675,0.5888547897338867,0.5626100897789001,1442.5531005859375,default
MSAGAT-Net.pprm-multistep,japan,20,15,none,30,True,20260811_030018,773.6953735351562,630.0470581054688,1798.1334071753408,1367.42431640625,0.7379838228225708,0.6775452494621277,,0.4600043296813965,0.3604835271835327,0.4761783480644226,0.4078904390335083,1633.9552001953125,default
MSAGAT-Net.sgate,japan,20,15,none,30,True,20260811_032434,752.7515258789062,634.3098754882812,1785.2058004611122,1336.7791748046875,0.7247122526168823,0.7105585336685181,,0.4677410125732422,0.4153268337249756,0.4767211675643921,0.4517309665679931,1543.797607421875,default
MSAGAT-Net.pprm-multistep.sgate,japan,20,15,none,30,True,20260811_034641,776.3395385742188,635.11376953125,1761.7233749939292,1335.873046875,0.7523325681686401,0.7079236507415771,,0.4816514253616333,0.3965471684932709,0.4918974637985229,0.4321567416191101,1573.592529296875,default
MSAGAT-Net.loggrowth,japan,20,15,none,30,True,20260811_050151,817.9227905273438,608.651611328125,2037.5668700683173,1612.1768798828125,0.5866754651069641,0.4641193151473999,,0.306621789932251,-0.0771874785423278,0.3197857737541199,-0.0156851019710302,1889.0169677734373,default
MSAGAT-Net,japan,20,15,none,30,True,20260811_092045,752.6001586914062,630.9000854492188,1779.2867250670984,1333.8052978515625,0.7243974208831787,0.707615315914154,,0.4712646603584289,0.4176748692989349,0.4789602160453796,0.4509957134723663,1525.8309326171875,default
MSAGAT-Net.loggrowth.quant,japan,20,15,none,30,True,20260814_031720,727.3612309156943,518.8729599892091,1694.4370999745474,1375.2485849450586,0.7607854636096438,0.5988110009482127,,0.5204903440729938,0.2319252794909452,0.5505811673190439,0.3198277021358589,1717.4306876740516,default
MSAGAT-Net.loggrowth.quant.exp-nodecay-regpre,japan,20,15,none,30,True,20260819_085548,825.516045118574,567.3387423103561,1867.9040374496208,1543.2962633282352,0.6700628547724692,0.4326892517952389,,0.4172858353966195,-0.0223247849392455,0.4339312222110366,0.0603420444820421,1937.6739708908367,default
MSTAGAT-Net,japan,20,15,none,42,True,20260209_092759,648.5982055664062,556.1884155273438,1549.666173729039,1148.19482421875,0.8162573575973511,0.8098930716514587,0.0632966011762619,0.5989276170730591,0.5761664509773254,0.6059351563453674,0.598538875579834,1371.900146484375,default
MSAGAT-Net.pprm-multistep,japan,20,15,none,42,True,20260811_025923,742.4972534179688,614.0280151367188,1718.8869945403624,1305.0394287109375,0.7672468423843384,0.7253415584564209,,0.5065523386001587,0.418508380651474,0.5189617276191711,0.4628046751022339,1568.437744140625,default
MSAGAT-Net.sgate,japan,20,15,none,42,True,20260811_032346,733.0020751953125,596.0891723632812,1738.7746403717765,1317.9302978515625,0.7641652226448059,0.7238664627075195,,0.495067834854126,0.4129866361618042,0.5084277391433716,0.4537491500377655,1561.51513671875,default
MSAGAT-Net.pprm-multistep.sgate,japan,20,15,none,42,True,20260811_034536,787.02978515625,638.6564331054688,1824.6179737139496,1387.5711669921875,0.7250518202781677,0.6655439734458923,,0.4439800977706909,0.3416567742824554,0.4596572518348694,0.3879115283489227,1638.5009765625,default
MSAGAT-Net.loggrowth,japan,20,15,none,42,True,20260811_050029,672.7620239257812,484.722412109375,1588.6210215152007,1291.54736328125,0.764517068862915,0.6421645283699036,,0.5785101652145386,0.2862933576107025,0.5844094753265381,0.3243774771690368,1549.1922607421875,default
MSAGAT-Net,japan,20,15,none,42,True,20260811_092033,648.5982055664062,556.1884155273438,1549.666173729039,1148.19482421875,0.8162573575973511,0.8098930716514587,,0.5989276170730591,0.5761664509773254,0.6059351563453674,0.598538875579834,1371.900146484375,default
MSAGAT-Net.loggrowth.quant,japan,20,15,none,42,True,20260814_031730,715.6608958902692,527.462161276334,1769.0746163899344,1409.2420459245452,0.7563921061315451,0.6152218420422381,,0.4773165421990063,0.2299366635341901,0.5149704670812767,0.3389655501522093,1768.144428583992,default
MSAGAT-Net.loggrowth.quant.exp-nodecay-regpre,japan,20,15,none,42,True,20260819_085440,715.2574763970172,519.2875755655723,1764.377163752111,1413.662369164009,0.782203284781934,0.6471427441697076,,0.4800886367068887,0.2228398179152618,0.5260268438889202,0.3522128489305554,1785.3258010753457,default
MSTAGAT-Net,japan,20,15,none,45,False,20260127_024736,568.181884765625,477.9280700683594,1513.449701840137,1122.5162353515625,0.7357169389724731,0.739574134349823,0.048266977071762,0.456040620803833,0.4500637352466583,0.4681503772735595,0.4757732152938843,1521.89208984375,default
EpiSIG-Net-V3,japan,20,15,none,45,True,20260203_021745,527.9638671875,443.4468688964844,1534.4063184176478,1146.216796875,0.7981246709823608,0.7957966327667236,0.0441326834261417,0.4408720135688782,0.4195310771465301,0.4676970243453979,0.4766057133674621,1679.823486328125,default
MSAGAT-Net.pprm-multistep,japan,20,15,none,45,True,20260811_030124,794.1478881835938,671.2116088867188,1804.4857993345363,1349.314453125,0.7195932865142822,0.7025710344314575,,0.4561822414398193,0.4036738574504852,0.4645581245422363,0.436522901058197,1574.1514892578125,default
MSAGAT-Net.sgate,japan,20,15,none,45,True,20260811_032524,673.7987060546875,574.8109130859375,1589.271295279695,1174.25537109375,0.8036907315254211,0.8005707263946533,,0.5781650543212891,0.5591245889663696,0.5846459865570068,0.5800275802612305,1395.0894775390625,default
MSAGAT-Net.pprm-multistep.sgate,japan,20,15,none,45,True,20260811_034725,873.3737182617188,739.0032348632812,2033.776905169296,1523.0189208984375,0.612185001373291,0.5731462240219116,,0.309198796749115,0.2403199672698974,0.327716052532196,0.2871811687946319,1767.880126953125,default
MSAGAT-Net.loggrowth,japan,20,15,none,45,True,20260811_050336,817.3619995117188,624.478515625,2058.461561457974,1610.24755859375,0.570258378982544,0.4560354948043823,,0.2923280596733093,-0.045944832265377,0.3047467470169067,0.028611360117793,1827.48876953125,default
MSAGAT-Net,japan,20,15,none,45,True,20260811_092056,720.974609375,613.421142578125,1740.1874898987178,1296.0159912109375,0.7927849292755127,0.7753478288650513,,0.4942469000816345,0.4555474519729614,0.521369218826294,0.5138607025146484,1642.7264404296875,default
MSAGAT-Net.loggrowth.quant,japan,20,15,none,45,True,20260814_031740,897.6902913276548,682.7307120401828,2158.74824417452,1713.1746007420948,0.6480724223081801,0.4900515652966954,,0.2216938752494662,-0.3384190749271457,0.2280211606805613,-0.2633455095092125,1816.9756553080072,default
MSAGAT-Net.loggrowth.quant.exp-nodecay-regpre,japan,20,15,none,45,True,20260819_085709,819.5332813093728,578.1687786224834,1934.1900093779625,1561.259621915674,0.6642072750729466,0.4912224480077881,,0.3751946712875444,-0.2379764398420635,0.3770914187056468,-0.1454381348555051,1756.1775173998471,default
EpiSIG-Net-V3,japan,20,15,none,100,True,20260203_021940,493.4246215820313,413.1347351074219,1383.486582876755,1034.9376220703125,0.7935922741889954,0.7912442088127136,0.0413454510271549,0.5454514026641846,0.5254389643669128,0.5586643218994141,0.5583610534667969,1499.593017578125,default
MSTAGAT-Net,japan,20,15,none,123,False,20260127_024802,530.8257446289062,441.0536804199219,1337.5559801369063,989.0471801757812,0.8104140162467957,0.8198475241661072,0.0848843976855278,0.5751316547393799,0.5744726061820984,0.5784884691238403,0.5855135917663574,1380.47021484375,default
EpiSIG-Net-V3,japan,20,15,none,123,True,20260203_022230,472.3887634277344,390.1715698242188,1354.325477867119,1012.7849731445312,0.7898032665252686,0.7886233329772949,0.0301308557391166,0.5644113421440125,0.543844997882843,0.5725175142288208,0.5650849342346191,1427.326171875,default
MSAGAT-Net,japan,20,15,none,123,True,20260811_092107,644.8630981445312,547.7763061523438,1599.8843708218417,1186.4088134765625,0.8210229873657227,0.8161240220069885,,0.5725122690200806,0.5500008463859558,0.5885090231895447,0.5872429609298706,1454.6182861328125,default
MSAGAT-Net.loggrowth.quant,japan,20,15,none,123,True,20260814_031709,708.7280389207112,538.5547617912715,1669.059390335682,1326.7431115601962,0.7527915544140352,0.6457155995913836,,0.5347460870374383,0.3273048088319667,0.5530868823859315,0.3900301104601874,1605.0814653744835,default
MSAGAT-Net.loggrowth.quant.exp-nodecay-regpre,japan,20,15,none,123,True,20260819_085818,980.3527715830091,786.2224731437304,2313.930934103437,1776.510805634625,0.550141687630315,0.3765571186819339,,0.1057741143379484,-0.1541496924114737,0.1069866421937588,-0.1253441768610934,1789.6853800073204,default
EpiSIG-Net-V3,japan,20,15,none,500,True,20260203_022346,499.1484680175781,411.2580261230469,1366.3781046986958,1021.8285522460938,0.7794370055198669,0.7765937447547913,0.0374817959964275,0.5566239356994629,0.5330567955970764,0.5607016086578369,0.550505518913269,1392.9696044921875,default
MSTAGAT-Net,japan,20,15,none,1000,False,20260127_024825,612.0996704101562,508.55517578125,1310.3518134455342,977.1490478515624,0.7872132062911987,0.7964407801628113,0.1339281946420669,0.5922384262084961,0.5779263377189636,0.5931589007377625,0.5900288224220276,1301.275146484375,default
EpiSIG-Net-V3,japan,20,15,none,1000,True,20260203_022608,471.8640747070313,390.1798400878906,1376.2780424027696,1020.1973876953124,0.8045057058334351,0.8050956726074219,0.0250265076756477,0.5501757860183716,0.5474056601524353,0.5618071556091309,0.572910487651825,1445.832275390625,default
MSAGAT-Net,japan,20,15,none,1000,True,20260811_092118,665.0562133789062,562.0836791992188,1639.6904433459383,1220.1580810546875,0.8058898448944092,0.7907786965370178,,0.5509753227233887,0.5179938673973083,0.567154049873352,0.5554453134536743,1490.7374267578125,default
MSAGAT-Net.loggrowth.quant,japan,20,15,none,1000,True,20260814_031658,741.8010232641705,557.0487067491503,1772.8081258813488,1405.7409730274037,0.7710530115493304,0.6286669969515606,,0.4751080397130597,0.2543822106833952,0.5121661658697041,0.3518789697951157,1731.86736818369,default
MSAGAT-Net.loggrowth.quant.exp-nodecay-regpre,japan,20,15,none,1000,True,20260819_085929,810.4816946349608,589.8183497563383,1819.0393974813287,1477.0978660725757,0.6875139546071269,0.4878082406591769,,0.4473748268781905,0.1051517782372958,0.4548241522501548,0.1600110363159827,1820.6338446268896,default
