number,value,datetime_start,datetime_complete,duration,params_attention_reg_weight,params_attn_heads,params_dropout,params_hidden_dim,params_kernel_size,params_low_rank_dim,params_lr,params_num_scales,params_temp_conv_out_channels,params_weight_decay,user_attrs_best_efficiency,user_attrs_best_pcc,user_attrs_best_pcc_epoch,user_attrs_best_rmse,user_attrs_best_rmse_epoch,user_attrs_epochs_trained,user_attrs_final_pcc,user_attrs_final_rmse,user_attrs_param_count,user_attrs_test_pcc,user_attrs_test_rmse,state
0,,2025-04-03 19:25:02.727076,2025-04-03 19:25:04.226320,0 days 00:00:01.499244,0.0,16,0.34971002649642435,64,9,6,0.001,4,24,1e-05,,,,,,,,,200507,,,PRUNED
1,508.4169942423058,2025-04-03 19:25:04.226797,2025-04-03 19:25:57.950831,0 days 00:00:53.724034,0.0,2,0.38585520083249586,24,3,6,0.001,4,32,0.0001,508.4169942423058,0.8445218770042435,98.0,1016.3303833007812,98.0,101.0,0.8286254750460873,1065.797607421875,18141,0.8893264864483594,1112.4215087890625,COMPLETE
2,583.8114988198323,2025-04-03 19:25:57.957310,2025-04-03 19:27:03.786557,0 days 00:01:05.829247,0.0001,16,0.23863217313696952,24,3,12,0.0001,5,8,0.0005,583.8114988198323,0.7938094714476789,101.0,1167.0694580078125,101.0,101.0,0.7938094714476789,1167.0694580078125,31948,0.7847424194763231,1380.4361572265625,COMPLETE
3,818.5680932936839,2025-04-03 19:27:03.787983,2025-04-03 19:28:16.735322,0 days 00:01:12.947339,1e-06,16,0.4548039330070294,24,3,4,5e-05,5,24,0.0005,818.5680932936839,0.5104282789501713,110.0,1636.4603271484375,110.0,110.0,0.5104282789501713,1636.4603271484375,20452,0.44870606327465445,1837.084228515625,COMPLETE
4,,2025-04-03 19:28:16.736994,2025-04-03 19:28:16.820877,0 days 00:00:00.083883,0.0,16,0.23134764310512113,96,7,4,0.001,4,16,0.0001,,,,,,,,,350127,,,PRUNED
5,540.9065961015566,2025-04-03 19:28:16.821478,2025-04-03 19:29:25.853462,0 days 00:01:09.031984,1e-05,4,0.25157284116625067,24,3,4,0.001,5,32,0.0005,540.9065961015566,0.8226341283598735,93.0,1081.2967529296875,93.0,101.0,0.8139929351610706,1104.439697265625,18948,0.8778705707190295,1157.132568359375,COMPLETE
6,,2025-04-03 19:29:25.855206,2025-04-03 19:29:25.964039,0 days 00:00:00.108833,1e-06,4,0.3755440263604036,64,3,6,0.0001,4,8,0.001,,,,,,,,,95429,,,PRUNED
7,520.7535241901005,2025-04-03 19:29:25.964503,2025-04-03 19:30:09.369797,0 days 00:00:43.405294,1e-06,8,0.4051929927767238,16,5,8,0.0005,4,8,0.0001,520.7535241901005,0.8373860550295389,82.0,1040.9986572265625,82.0,102.0,0.8244182490549257,1080.4266357421875,18657,0.8698266317728677,1123.137939453125,COMPLETE
8,,2025-04-03 19:30:09.371301,2025-04-03 19:30:09.404390,0 days 00:00:00.033089,1e-05,2,0.25018526675753167,48,9,16,0.001,5,32,0.001,,,,,,,,,144670,,,PRUNED
9,705.5909633150981,2025-04-03 19:30:09.404918,2025-04-03 19:31:07.688215,0 days 00:00:58.283297,1e-06,8,0.34309031267385515,16,5,16,0.0001,6,12,0.0005,705.5909633150981,0.6742225258983232,101.0,1410.5687255859375,101.0,101.0,0.6742225258983232,1410.5687255859375,31851,0.6028270739628698,1658.15185546875,COMPLETE
10,799.7648097287104,2025-04-03 19:31:07.690507,2025-04-03 19:31:38.840694,0 days 00:00:31.150187,0.001,2,0.49526384738117313,32,7,6,5e-05,2,48,0.0,799.7648097287104,0.5581164523418338,99.0,1598.860107421875,101.0,106.0,0.5468705500736759,1610.4879150390625,30111,0.47842649650698343,1816.713134765625,COMPLETE
11,512.1116187819312,2025-04-03 19:31:38.842517,2025-04-03 19:32:10.110426,0 days 00:00:31.267909,0.0,8,0.41206742695487536,16,5,8,0.0005,3,8,0.0001,512.1116187819312,0.8466830004448828,84.0,1023.7213745117188,100.0,103.0,0.836716621424149,1060.652587890625,17328,0.8738646046925536,1093.0386962890625,COMPLETE
12,491.03642131222966,2025-04-03 19:32:10.112832,2025-04-03 19:32:35.096986,0 days 00:00:24.984154,0.0,2,0.42127779316910036,16,5,8,0.0005,2,32,0.0001,491.03642131222966,0.8581285362322839,95.0,981.5958862304688,95.0,108.0,0.8534545090654566,998.828857421875,11487,0.8780598643534495,1085.343505859375,COMPLETE
13,514.8961246151208,2025-04-03 19:32:35.098214,2025-04-03 19:33:06.867082,0 days 00:00:31.768868,0.0,2,0.319127290382875,32,5,8,0.0005,2,32,0.0001,514.8961246151208,0.8481097175397325,100.0,1029.2685546875,85.0,101.0,0.8373338402888474,1048.3797607421875,27999,0.8677768536034196,1168.8946533203125,COMPLETE
14,,2025-04-03 19:33:06.868206,2025-04-03 19:33:06.924226,0 days 00:00:00.056020,0.0,2,0.4342159434188846,48,3,12,0.0005,3,32,0.0001,,,,,,,,,56498,,,PRUNED
15,,2025-04-03 19:33:06.924714,2025-04-03 19:33:06.976822,0 days 00:00:00.052108,0.0001,2,0.30162707028962943,96,5,6,0.001,3,32,1e-05,,,,,,,,,228670,,,PRUNED
16,479.52379392381545,2025-04-03 19:33:06.977305,2025-04-03 19:33:27.139448,0 days 00:00:20.162143,0.001,2,0.47944732101223186,16,7,8,0.0005,2,48,0.0,479.52379392381545,0.8647010439441503,79.0,958.569580078125,65.0,101.0,0.8486687642857313,1009.9366455078125,12513,0.8790620618245342,1085.9906005859375,COMPLETE
17,481.9954681199571,2025-04-03 19:33:27.140669,2025-04-03 19:33:49.804506,0 days 00:00:22.663837,0.001,2,0.49666734175364713,16,7,8,0.0005,2,48,0.0,481.9954681199571,0.8646303119086616,79.0,963.51220703125,68.0,101.0,0.8507127791673831,1006.2716674804688,12513,0.8781885365734541,1086.4366455078125,COMPLETE
18,482.22721065711886,2025-04-03 19:33:49.807729,2025-04-03 19:34:12.127148,0 days 00:00:22.319419,0.001,2,0.4970195708689714,16,7,8,0.0005,2,48,0.0,482.22721065711886,0.864479050185132,90.0,963.9757080078125,68.0,101.0,0.8503802594710215,1007.2652587890625,12513,0.8789663788397546,1082.7005615234375,COMPLETE
19,501.6549052483521,2025-04-03 19:34:12.129349,2025-04-03 19:34:41.881071,0 days 00:00:29.751722,0.001,4,0.46575703745597274,16,7,8,0.0005,3,48,0.0,501.6549052483521,0.8524744963284104,90.0,1002.814453125,91.0,101.0,0.8428182252805798,1022.06005859375,15858,0.8793394054747609,1099.5772705078125,COMPLETE
20,483.30555404099607,2025-04-03 19:34:41.882413,2025-04-03 19:35:04.310842,0 days 00:00:22.428429,0.001,2,0.469028833868537,16,7,8,0.0005,2,48,0.0,483.30555404099607,0.8625721722910188,97.0,966.1320190429688,85.0,101.0,0.8526272153312593,996.3125610351562,12513,0.8718453997178508,1098.3450927734375,COMPLETE
21,482.1741959118328,2025-04-03 19:35:04.312290,2025-04-03 19:35:27.590879,0 days 00:00:23.278589,0.001,2,0.4970176830283407,16,7,8,0.0005,2,48,0.0,482.1741959118328,0.8644393466153883,79.0,963.8699340820312,67.0,101.0,0.8476974943487077,1016.269775390625,12513,0.8770498580791535,1082.111083984375,COMPLETE
22,481.8907868104599,2025-04-03 19:35:27.591955,2025-04-03 19:35:49.044115,0 days 00:00:21.452160,0.001,2,0.4988464331389509,16,7,8,0.0005,2,48,0.0,481.8907868104599,0.8643016051897482,90.0,963.3028564453125,68.0,101.0,0.8381868031705667,1048.39111328125,12513,0.8802448830493099,1084.23681640625,COMPLETE
23,483.4888025039696,2025-04-03 19:35:49.045387,2025-04-03 19:36:21.459579,0 days 00:00:32.414192,0.001,2,0.4576594071895315,16,7,8,0.0005,3,48,0.0,483.4888025039696,0.8628789084382747,61.0,966.4933471679688,61.0,101.0,0.8510155253383511,997.8641357421875,14354,0.8793995762642707,1070.1451416015625,COMPLETE
24,809.4051481807614,2025-04-03 19:36:21.460896,2025-04-03 19:36:42.538018,0 days 00:00:21.077122,0.001,2,0.44518206664309506,16,7,8,5e-05,2,48,0.0,809.4051481807614,0.5484872748743452,98.0,1618.169189453125,89.0,104.0,0.5238967295893142,1695.9652099609375,12513,0.42478646073084597,1863.435302734375,COMPLETE
25,500.26247843604307,2025-04-03 19:36:42.539252,2025-04-03 19:37:10.698743,0 days 00:00:28.159491,0.001,2,0.4791215393278413,16,7,16,0.0005,3,12,0.0,500.26247843604307,0.8531063828109076,91.0,1000.0198364257812,99.0,101.0,0.8493838278593159,1003.1826171875,20378,0.876595332634886,1081.3953857421875,COMPLETE
26,,2025-04-03 19:37:10.700038,2025-04-03 19:37:10.746362,0 days 00:00:00.046324,0.001,2,0.4776373038654122,48,7,8,0.0005,2,16,0.0,,,,,,,,,62945,,,PRUNED
27,,2025-04-03 19:37:10.746830,2025-04-03 19:37:10.791952,0 days 00:00:00.045122,0.001,8,0.20096994842668858,64,9,12,0.0005,3,48,0.0,,,,,,,,,171160,,,PRUNED
28,,2025-04-03 19:37:10.792507,2025-04-03 19:37:10.837326,0 days 00:00:00.044819,0.001,4,0.43255667138363674,96,7,8,0.0005,2,48,0.0,,,,,,,,,224577,,,PRUNED
29,752.5569304705548,2025-04-03 19:37:10.837781,2025-04-03 19:37:36.971578,0 days 00:00:26.133797,1e-05,16,0.38629324115049385,32,9,8,0.0001,2,24,1e-05,752.5569304705548,0.6220342468093543,102.0,1504.4542236328125,90.0,103.0,0.6195026016931146,1510.56689453125,46723,0.5566161763715599,1720.708251953125,COMPLETE
30,,2025-04-03 19:37:36.972897,2025-04-03 19:37:37.031100,0 days 00:00:00.058203,0.0001,2,0.4767434421781845,64,7,8,5e-05,3,48,0.001,,,,,,,,,133922,,,PRUNED
31,481.6037377806347,2025-04-03 19:37:37.031584,2025-04-03 19:37:54.036175,0 days 00:00:17.004591,0.001,2,0.49870009723386677,16,7,8,0.0005,2,48,0.0,481.6037377806347,0.8638257217075489,79.0,962.7289428710938,67.0,101.0,0.8332072271468789,1064.3270263671875,12513,0.8782321300248936,1084.168701171875,COMPLETE
32,481.32641053578146,2025-04-03 19:37:54.039752,2025-04-03 19:38:10.083476,0 days 00:00:16.043724,0.001,2,0.4991741683061516,16,7,8,0.0005,2,48,0.0,481.32641053578146,0.8647468784830188,90.0,962.17431640625,68.0,101.0,0.8446545249341025,1026.7764892578125,12513,0.8805879942192076,1082.23681640625,COMPLETE
33,480.04860753591555,2025-04-03 19:38:10.084742,2025-04-03 19:38:25.282549,0 days 00:00:15.197807,0.001,2,0.4484726106604827,16,7,8,0.0005,2,48,0.0,480.04860753591555,0.865555476834164,88.0,959.619140625,87.0,101.0,0.8530736182151124,993.5247192382812,12513,0.8767718675344068,1085.810302734375,COMPLETE
34,487.65656997819724,2025-04-03 19:38:25.283915,2025-04-03 19:39:22.604055,0 days 00:00:57.320140,0.001,2,0.4467605112118109,16,7,12,0.0005,6,24,1e-05,487.65656997819724,0.8583163494787187,72.0,974.8063354492188,72.0,105.0,0.8294366465597356,1063.5369873046875,22889,0.874428490762411,1107.2337646484375,COMPLETE
35,476.53660171140973,2025-04-03 19:39:22.605352,2025-04-03 19:39:46.132990,0 days 00:00:23.527638,0.001,16,0.46207489074777386,24,7,4,0.0005,2,16,0.0,476.53660171140973,0.8661228687497184,68.0,952.576904296875,68.0,102.0,0.8509258176325089,997.3179931640625,19661,0.8915621279411654,1051.1239013671875,COMPLETE
36,740.7249445171949,2025-04-03 19:39:46.134748,2025-04-03 19:40:21.519915,0 days 00:00:35.385167,0.001,16,0.39336564692827647,24,7,4,0.0001,3,16,0.0,740.7249445171949,0.646311587277995,100.0,1480.83544921875,100.0,102.0,0.6462153642841164,1496.5155029296875,23766,0.5664458232891609,1723.9072265625,COMPLETE
37,484.95309003436677,2025-04-03 19:40:21.521152,2025-04-03 19:40:43.995365,0 days 00:00:22.474213,0.0001,16,0.43491515982193946,24,9,4,0.0005,2,16,0.0005,484.95309003436677,0.8601588685371424,90.0,969.40185546875,84.0,101.0,0.8503533024915741,1004.7155151367188,21967,0.852604731193068,1147.4844970703125,COMPLETE
38,488.4189521162432,2025-04-03 19:40:43.996644,2025-04-03 19:41:19.502885,0 days 00:00:35.506241,1e-05,16,0.3635048341485433,24,7,4,0.001,3,16,0.0,488.4189521162432,0.8603049114490742,37.0,976.3300170898438,55.0,101.0,0.855208586438059,999.1734008789062,23766,0.8819071705387194,1064.0477294921875,COMPLETE
39,772.0844976435966,2025-04-03 19:41:19.504342,2025-04-03 19:42:09.711197,0 days 00:00:50.206855,1e-06,16,0.45728755788113845,24,3,4,5e-05,4,16,0.001,772.0844976435966,0.6310149477649128,84.0,1543.5535888671875,92.0,101.0,0.6273607168141899,1544.9764404296875,18651,0.5404073549323934,1765.8262939453125,COMPLETE
40,478.32547450477347,2025-04-03 19:42:09.712456,2025-04-03 19:42:29.748850,0 days 00:00:20.036394,0.001,16,0.411267307323344,24,7,4,0.0005,2,12,0.0,478.32547450477347,0.8652947812323516,74.0,956.1542358398438,74.0,102.0,0.8311898860843385,1061.4794921875,19661,0.8857363446543289,1069.5447998046875,COMPLETE
41,477.16100708753936,2025-04-03 19:42:29.750435,2025-04-03 19:42:51.187583,0 days 00:00:21.437148,0.001,16,0.4118713377636083,24,7,4,0.0005,2,12,0.0,477.16100708753936,0.866670309543764,65.0,953.8259887695312,65.0,102.0,0.8333755523180618,1054.129638671875,19661,0.8902737752083221,1049.35693359375,COMPLETE
42,478.68260762611976,2025-04-03 19:42:51.188889,2025-04-03 19:43:11.939250,0 days 00:00:20.750361,0.001,16,0.413490489196869,24,7,4,0.0005,2,12,0.0,478.68260762611976,0.8661665365192679,66.0,956.8678588867188,74.0,102.0,0.8363305519749558,1044.895263671875,19661,0.8868110416375687,1095.61181640625,COMPLETE
43,476.7855611493295,2025-04-03 19:43:11.940798,2025-04-03 19:43:32.508926,0 days 00:00:20.568128,0.001,16,0.4023061897814937,24,7,4,0.0005,2,12,0.0,476.7855611493295,0.865768515508193,57.0,953.0746459960938,57.0,102.0,0.8371432796294285,1042.3194580078125,19661,0.8985483655974322,1092.2305908203125,COMPLETE
44,769.8338586227973,2025-04-03 19:43:32.510496,2025-04-03 19:43:53.932910,0 days 00:00:21.422414,0.001,16,0.40590090528662853,24,7,4,0.0001,2,12,0.0005,769.8338586227973,0.6183932085460683,97.0,1539.04345703125,102.0,102.0,0.6102006919493643,1539.04345703125,19661,0.5138893554127357,1779.40673828125,COMPLETE
45,475.58144287304935,2025-04-03 19:43:53.935760,2025-04-03 19:44:14.445529,0 days 00:00:20.509769,1e-06,16,0.36834279491343525,24,7,4,0.0005,2,12,0.0,475.58144287304935,0.8662015815661512,57.0,950.6666259765625,57.0,101.0,0.8438357545015691,1021.169921875,19661,0.8958899149243644,1084.922607421875,COMPLETE
46,539.0045690225428,2025-04-03 19:44:14.446736,2025-04-03 19:45:02.327113,0 days 00:00:47.880377,1e-06,16,0.3447073059749725,24,3,4,0.001,4,12,0.001,539.0045690225428,0.8309009140256397,96.0,1077.4947509765625,74.0,101.0,0.8116526384486042,1119.5467529296875,18651,0.8848315457901819,1093.1153564453125,COMPLETE
47,492.20290284892246,2025-04-03 19:45:02.328684,2025-04-03 19:46:01.902474,0 days 00:00:59.573790,1e-06,16,0.3685974571213247,24,7,4,0.0005,5,12,1e-05,492.20290284892246,0.8569831633579449,63.0,983.8831787109375,59.0,101.0,0.836320114755773,1041.298828125,31976,0.884621406092979,1117.0345458984375,COMPLETE
48,484.81803323513566,2025-04-03 19:46:01.903783,2025-04-03 19:46:41.265981,0 days 00:00:39.362198,1e-06,16,0.35629371093151013,24,9,4,0.0005,3,12,0.0,484.81803323513566,0.8600967044874039,93.0,969.1226196289062,93.0,101.0,0.8562878662496414,982.1958618164062,27224,0.881766445690329,1091.2999267578125,COMPLETE
49,802.7003276018597,2025-04-03 19:46:41.267392,2025-04-03 19:47:03.407070,0 days 00:00:22.139678,1e-06,16,0.39413159983174145,24,7,4,5e-05,2,12,0.0005,802.7003276018597,0.5705943069495787,102.0,1604.756591796875,102.0,102.0,0.5705943069495787,1604.756591796875,19661,0.4692517429394232,1835.0107421875,COMPLETE
50,508.24774290917753,2025-04-03 19:47:03.410737,2025-04-03 19:47:24.929526,0 days 00:00:21.518789,1e-05,16,0.37732720011168286,24,5,4,0.0005,2,12,0.0,508.24774290917753,0.8512980525162055,96.0,1015.9971923828125,96.0,102.0,0.8473146402939371,1018.3136596679688,17355,0.8698014902782435,1083.000732421875,COMPLETE
51,478.21730279129594,2025-04-03 19:47:24.930832,2025-04-03 19:47:46.796256,0 days 00:00:21.865424,0.0001,16,0.41159546137824643,24,7,4,0.0005,2,12,0.0,478.21730279129594,0.865228783206302,66.0,955.9378051757812,74.0,102.0,0.833274493149089,1054.984130859375,19661,0.8860022181258556,1070.073486328125,COMPLETE
52,479.64407032843525,2025-04-03 19:47:46.797480,2025-04-03 19:48:10.323750,0 days 00:00:23.526270,0.0001,16,0.32496392608216756,24,7,4,0.0005,2,12,0.0,479.64407032843525,0.8638842344408726,64.0,958.7906494140625,57.0,101.0,0.8418982083243549,1025.9580078125,19661,0.897329447421468,1090.848388671875,COMPLETE
53,475.3651520351149,2025-04-03 19:48:10.325024,2025-04-03 19:48:31.367427,0 days 00:00:21.042403,0.0001,16,0.42209492153024175,24,7,4,0.0005,2,12,0.0,475.3651520351149,0.8667409098665588,59.0,950.2343139648438,59.0,102.0,0.8336536835578926,1051.6900634765625,19661,0.8926483372765973,1074.3621826171875,COMPLETE
54,475.36060562759036,2025-04-03 19:48:31.368699,2025-04-03 19:48:52.116785,0 days 00:00:20.748086,0.0001,16,0.4268768759140255,24,7,4,0.0005,2,12,0.0001,475.36060562759036,0.8669587325733026,65.0,950.2250366210938,57.0,102.0,0.8413947685327231,1026.6361083984375,19661,0.8944192776984953,1080.9786376953125,COMPLETE
55,509.9975032216592,2025-04-03 19:48:52.118073,2025-04-03 19:49:28.223274,0 days 00:00:36.105201,0.0001,16,0.4267740985968249,24,3,6,0.001,3,8,0.0001,509.9975032216592,0.844025962172055,95.0,1019.4873046875,90.0,101.0,0.8263475656572714,1075.4754638671875,19724,0.8885149122208233,1126.148193359375,COMPLETE
56,481.31801987841516,2025-04-03 19:49:28.224599,2025-04-03 19:49:52.167524,0 days 00:00:23.942925,0.0001,16,0.39900189614603093,24,7,4,0.0005,2,12,0.0001,481.31801987841516,0.8635301814916954,99.0,962.1383666992188,90.0,102.0,0.8306358212830041,1063.1705322265625,19661,0.8848510875960771,1061.4632568359375,COMPLETE
57,,2025-04-03 19:49:52.168800,2025-04-03 19:49:52.231109,0 days 00:00:00.062309,0.0001,8,0.4225372704068938,96,7,16,0.0005,2,12,0.0001,,,,,,,,,247721,,,PRUNED
58,518.6705387550132,2025-04-03 19:49:52.231610,2025-04-03 19:51:06.372766,0 days 00:01:14.141156,0.0,16,0.2859294431101441,32,5,4,0.0005,5,12,0.0001,518.6705387550132,0.8396840527769184,83.0,1036.795654296875,83.0,101.0,0.820014893251235,1091.4656982421875,44942,0.8830669397134498,1081.1591796875,COMPLETE
59,,2025-04-03 19:51:06.374463,2025-04-03 19:51:06.453239,0 days 00:00:00.078776,0.0001,4,0.37656377558142423,48,7,4,0.0001,2,12,0.0001,,,,,,,,,58765,,,PRUNED
60,486.4949916116966,2025-04-03 19:51:06.453790,2025-04-03 19:51:41.674692,0 days 00:00:35.220902,0.0001,16,0.3848065313873091,24,7,4,0.0005,3,8,0.0,486.4949916116966,0.8603058783050448,95.0,972.4817504882812,62.0,101.0,0.8500469361079146,1002.6671142578125,23766,0.8834622106499839,1090.291748046875,COMPLETE
61,477.1432987728857,2025-04-03 19:51:41.678141,2025-04-03 19:52:04.402176,0 days 00:00:22.724035,0.0001,16,0.416203809833532,24,7,4,0.0005,2,12,0.0,477.1432987728857,0.8671910681582011,65.0,953.7908325195312,65.0,102.0,0.8324698571597522,1056.9647216796875,19661,0.8896084714398228,1045.8184814453125,COMPLETE
62,479.18605447777327,2025-04-03 19:52:04.403472,2025-04-03 19:52:26.226998,0 days 00:00:21.823526,0.0001,16,0.4405299854344753,24,7,4,0.0005,2,12,0.0,479.18605447777327,0.8651428389523347,66.0,957.8750610351562,70.0,102.0,0.8465555244996144,1011.3989868164062,19661,0.8857748387096034,1063.776123046875,COMPLETE
63,478.0193792851862,2025-04-03 19:52:26.228762,2025-04-03 19:52:46.626826,0 days 00:00:20.398064,0.0001,16,0.42126807177532943,24,7,4,0.0005,2,12,0.0,478.0193792851862,0.8663316537033507,66.0,955.5422973632812,65.0,102.0,0.8346156556255302,1049.9503173828125,19661,0.8918869334228844,1045.3779296875,COMPLETE
64,475.7615912971779,2025-04-03 19:52:46.628286,2025-04-03 19:53:08.160283,0 days 00:00:21.531997,0.0001,16,0.3315449677273316,24,7,4,0.0005,2,12,0.0,475.7615912971779,0.8657006584894388,57.0,951.0266723632812,57.0,101.0,0.8510172486695418,997.0713500976562,19661,0.895115036320366,1073.330810546875,COMPLETE
65,,2025-04-03 19:53:08.161616,2025-04-03 19:53:08.260369,0 days 00:00:00.098753,0.0001,16,0.3252353490910734,64,7,6,0.0005,2,24,0.0,,,,,,,,,110007,,,PRUNED
66,485.8033968268348,2025-04-03 19:53:08.260865,2025-04-03 19:53:30.192156,0 days 00:00:21.931291,0.0001,8,0.3113403983087561,24,7,16,0.0005,2,32,0.001,485.8033968268348,0.8602444007067092,57.0,971.0799560546875,46.0,102.0,0.8565810633545508,990.7911376953125,36905,0.8877488667560286,1061.3426513671875,COMPLETE
67,508.4748124708484,2025-04-03 19:53:30.193447,2025-04-03 19:53:50.632645,0 days 00:00:20.439198,0.0001,16,0.33530324485242413,24,7,12,0.0005,2,12,1e-05,508.4748124708484,0.8472216115273641,78.0,1016.423095703125,57.0,101.0,0.8439187417593946,1024.7386474609375,31157,0.8796904048721277,1091.5478515625,COMPLETE
68,,2025-04-03 19:53:50.633979,2025-04-03 19:53:50.703049,0 days 00:00:00.069070,0.0001,4,0.2888960147230371,96,9,4,0.0005,2,16,0.0,,,,,,,,,252879,,,PRUNED
69,,2025-04-03 19:53:50.703546,2025-04-03 19:53:50.766122,0 days 00:00:00.062576,0.0,16,0.4005911621993137,48,7,4,5e-05,3,12,0.0001,,,,,,,,,79550,,,PRUNED
70,487.36008726139534,2025-04-03 19:53:50.766601,2025-04-03 19:54:13.572343,0 days 00:00:22.805742,1e-06,16,0.46587970284605423,24,5,4,0.0005,2,12,0.0,487.36008726139534,0.8582194717701069,83.0,974.225341796875,83.0,102.0,0.8445094171396657,1034.5137939453125,17355,0.8895700467779287,1078.9915771484375,COMPLETE
71,480.24052081305757,2025-04-03 19:54:13.573643,2025-04-03 19:54:36.169993,0 days 00:00:22.596350,0.0001,16,0.3529833718005566,24,7,4,0.0005,2,12,0.0,480.24052081305757,0.8637623737999036,80.0,959.9834594726562,57.0,101.0,0.835761009239479,1047.6517333984375,19661,0.8906523441020197,1102.760986328125,COMPLETE
72,479.57975421800603,2025-04-03 19:54:36.171721,2025-04-03 19:54:58.500120,0 days 00:00:22.328399,0.0001,16,0.4307468048012485,24,7,4,0.0005,2,12,0.0,479.57975421800603,0.865364490563133,66.0,958.6625366210938,70.0,102.0,0.8473166601775033,1008.4529418945312,19661,0.8848659345007108,1061.21044921875,COMPLETE
73,480.6350786157397,2025-04-03 19:54:58.501478,2025-04-03 19:55:19.966888,0 days 00:00:21.465410,1e-05,16,0.38834708465536427,24,7,4,0.0005,2,12,0.0,480.6350786157397,0.8644934421680439,66.0,960.7723999023438,65.0,101.0,0.842741910690985,1023.2601318359375,19661,0.8948575482491473,1043.407958984375,COMPLETE
74,499.7126740009241,2025-04-03 19:55:19.968407,2025-04-03 19:55:46.744592,0 days 00:00:26.776185,1e-06,16,0.4181951217994388,32,7,4,0.0005,2,16,0.0,499.7126740009241,0.8522480356953794,59.0,998.8982543945312,85.0,101.0,0.8462178580784551,1011.1159057617188,33389,0.889069946675789,1089.744384765625,COMPLETE
75,476.56442555509,2025-04-03 19:55:46.745884,2025-04-03 19:56:59.433119,0 days 00:01:12.687235,0.0001,16,0.43909301050350125,24,7,4,0.0005,6,12,0.0,476.56442555509,0.8664053877811184,66.0,952.6060791015625,54.0,101.0,0.8593330777818325,972.3756713867188,36081,0.8929733981127503,1065.1663818359375,COMPLETE
76,501.72354895595106,2025-04-03 19:56:59.434409,2025-04-03 19:58:15.735221,0 days 00:01:16.300812,0.0001,16,0.44013448782191883,24,3,6,0.001,6,24,0.0,501.72354895595106,0.8527002764544248,99.0,1002.9320678710938,76.0,101.0,0.8482408193865004,1006.3414306640625,25127,0.8830247297433369,1092.4744873046875,COMPLETE
77,,2025-04-03 19:58:15.746438,2025-04-03 19:58:15.811505,0 days 00:00:00.065067,0.0001,16,0.452592723101202,64,7,4,0.0005,6,12,0.0005,,,,,,,,,219889,,,PRUNED
78,662.0763327641358,2025-04-03 19:58:15.812013,2025-04-03 19:59:03.438678,0 days 00:00:47.626665,0.0001,8,0.48618283822757646,24,7,12,0.0001,4,32,0.0,662.0763327641358,0.7228262668765326,102.0,1323.5545654296875,102.0,103.0,0.704594412529563,1366.7734375,39367,0.6790732200139986,1551.79736328125,COMPLETE
79,481.65745506015264,2025-04-03 19:59:03.440009,2025-04-03 20:02:36.955165,0 days 00:03:33.515156,0.0001,4,0.4606433586144858,24,7,4,0.0005,5,12,0.0,481.65745506015264,0.8632451983715286,83.0,962.7979125976562,51.0,101.0,0.859319386375021,985.3953857421875,30472,0.8896739656923884,1051.0908203125,COMPLETE
80,495.8844087194359,2025-04-03 20:02:36.956859,2025-04-03 20:04:25.681036,0 days 00:01:48.724177,0.0,16,0.366257905556141,24,7,16,0.0005,3,8,0.0,495.8844087194359,0.8560611690520443,82.0,991.234619140625,87.0,101.0,0.8430481950357542,1030.8775634765625,41010,0.8704051141628043,1097.744384765625,COMPLETE
81,476.5727707604277,2025-04-03 20:04:25.682366,2025-04-03 20:05:17.337899,0 days 00:00:51.655533,0.001,16,0.40360658632094315,24,7,4,0.0005,2,12,0.0,476.5727707604277,0.8658558523652422,58.0,952.6491088867188,58.0,102.0,0.8395542765277626,1032.845947265625,19661,0.8927665198728361,1057.3331298828125,COMPLETE
82,475.1911911451942,2025-04-03 20:05:17.340502,2025-04-03 20:06:04.505277,0 days 00:00:47.164775,0.001,16,0.4034253350809688,24,7,4,0.0005,2,12,0.0,475.1911911451942,0.8664174773619023,57.0,949.88623046875,57.0,102.0,0.8388332118191284,1037.2557373046875,19661,0.8978467341123512,1082.226806640625,COMPLETE
83,478.4624425749649,2025-04-03 20:06:04.506549,2025-04-03 20:06:52.939190,0 days 00:00:48.432641,0.001,16,0.40393202558373675,24,7,4,0.0005,2,12,0.0,478.4624425749649,0.8655308576878862,90.0,956.427490234375,98.0,101.0,0.8402028338340488,1032.809814453125,19661,0.8869333563226185,1076.978271484375,COMPLETE
84,479.8619788079552,2025-04-03 20:06:52.940433,2025-04-03 20:07:41.402252,0 days 00:00:48.461819,0.001,16,0.4368594549306819,24,7,4,0.0005,2,16,0.0,479.8619788079552,0.8652675025423633,67.0,959.2260131835938,66.0,102.0,0.8408881063033293,1028.8682861328125,19661,0.8958891399527538,1066.3367919921875,COMPLETE
85,476.63230912018815,2025-04-03 20:07:41.405915,2025-04-03 20:08:35.278094,0 days 00:00:53.872179,0.001,16,0.4294627699406299,24,7,4,0.0005,2,12,1e-05,476.63230912018815,0.8661057336359603,65.0,952.768310546875,65.0,102.0,0.8420474119575776,1024.4835205078125,19661,0.8924827890368764,1049.23046875,COMPLETE
86,481.1705615791158,2025-04-03 20:08:35.281942,2025-04-03 20:09:20.455746,0 days 00:00:45.173804,0.001,16,0.4258290647633402,24,7,4,0.0005,2,12,1e-05,481.1705615791158,0.8638246117030512,66.0,961.8432006835938,74.0,102.0,0.8333770107751719,1062.3321533203125,19661,0.8888889512932951,1073.4659423828125,COMPLETE
87,,2025-04-03 20:09:20.457035,2025-04-03 20:09:20.518483,0 days 00:00:00.061448,0.001,16,0.44613426065906114,96,9,4,5e-05,5,12,1e-05,,,,,,,,,507090,,,PRUNED
88,,2025-04-03 20:09:20.518969,2025-04-03 20:09:20.582855,0 days 00:00:00.063886,0.001,16,0.33570746557901376,48,7,4,0.0005,4,12,1e-05,,,,,,,,,95823,,,PRUNED
89,479.2486217257361,2025-04-03 20:09:20.583271,2025-04-03 20:10:40.440875,0 days 00:01:19.857604,1e-06,16,0.3927019725462704,24,7,4,0.0005,6,16,1e-05,479.2486217257361,0.8653969765530962,66.0,957.9734497070312,70.0,106.0,0.8596568919632643,976.710205078125,36081,0.8921165887257141,1061.8865966796875,COMPLETE
90,518.9980876426474,2025-04-03 20:10:40.442347,2025-04-03 20:11:01.729763,0 days 00:00:21.287416,0.001,16,0.4717117286433856,24,3,4,0.001,2,12,0.001,518.9980876426474,0.8468130672244644,92.0,1037.5018310546875,92.0,101.0,0.8271181644141724,1067.4576416015625,15049,0.885341975470493,1040.4764404296875,COMPLETE
91,476.1405348699448,2025-04-03 20:11:01.731231,2025-04-03 20:11:26.097855,0 days 00:00:24.366624,0.001,16,0.40624486436516327,24,7,4,0.0005,2,12,0.0,476.1405348699448,0.8661768223684083,65.0,951.78466796875,58.0,102.0,0.8389471355083971,1035.177490234375,19661,0.8924006699097868,1062.763671875,COMPLETE
92,478.9251118706054,2025-04-03 20:11:26.099462,2025-04-03 20:12:08.112314,0 days 00:00:42.012852,0.001,16,0.42963327371578497,24,7,4,0.0005,2,12,0.0001,478.9251118706054,0.8645484269571616,92.0,957.35302734375,90.0,102.0,0.8382269313985751,1036.9539794921875,19661,0.8883363528425878,1060.628662109375,COMPLETE
93,477.96921905817715,2025-04-03 20:12:08.115689,2025-04-03 20:12:57.815135,0 days 00:00:49.699446,0.001,16,0.4508152255680865,24,7,4,0.0005,2,12,0.0,477.96921905817715,0.8657039488338085,67.0,955.4413452148438,66.0,102.0,0.8417351743525779,1025.7388916015625,19661,0.8911078085710582,1057.02685546875,COMPLETE
94,497.32011796682593,2025-04-03 20:12:57.816607,2025-04-03 20:14:01.697894,0 days 00:01:03.881287,0.001,16,0.40928753651376076,32,7,4,0.0005,2,12,0.0,497.32011796682593,0.852520299498675,56.0,994.1141357421875,56.0,101.0,0.8452076055644929,1015.3672485351562,33389,0.8843904647560696,1075.6363525390625,COMPLETE
95,475.32959287065256,2025-04-03 20:14:01.699724,2025-04-03 20:14:51.605587,0 days 00:00:49.905863,1e-05,16,0.3597085490870847,24,7,4,0.0005,2,12,1e-05,475.32959287065256,0.86615530209081,58.0,950.1629028320312,58.0,101.0,0.8374109075273541,1042.484130859375,19661,0.8948794347257627,1057.2977294921875,COMPLETE
96,522.2940777173621,2025-04-03 20:14:51.606943,2025-04-03 20:15:44.711189,0 days 00:00:53.104246,1e-05,16,0.3734181971850593,24,5,12,0.0005,2,12,0.0005,522.2940777173621,0.8362737800422066,98.0,1044.059814453125,84.0,107.0,0.8352932092607595,1050.4642333984375,28851,0.8583687378940779,1171.739990234375,COMPLETE
97,481.43093814629475,2025-04-03 20:15:44.712490,2025-04-03 20:16:34.625523,0 days 00:00:49.913033,1e-05,16,0.3572972449870389,24,7,4,0.0005,2,24,0.0,481.43093814629475,0.8636896471462582,83.0,962.3642578125,90.0,101.0,0.8458657841941488,1013.745849609375,19661,0.8845316575141826,1058.2586669921875,COMPLETE
98,651.2224730039227,2025-04-03 20:16:34.626843,2025-04-03 20:17:32.052935,0 days 00:00:57.426092,1e-05,8,0.3835469239871395,24,7,6,0.0001,2,12,0.0,651.2224730039227,0.7453852360943667,101.0,1301.8800048828125,89.0,102.0,0.7375212486893359,1329.838623046875,22535,0.6924223895488006,1550.259765625,COMPLETE
99,,2025-04-03 20:17:32.054377,2025-04-03 20:17:32.145094,0 days 00:00:00.090717,1e-05,16,0.3468021992866397,64,7,4,0.0005,2,8,0.0001,,,,,,,,,104429,,,PRUNED
